"id","symbol","frequency","candle_time","open","high","low","close","volume","oi","active"
818011,MARUTI,1,"2025-07-16 09:15:00",12536.00,12565.00,12502.00,12532.00,1835.00,0.00,1
818012,MARUTI,1,"2025-07-16 09:16:00",12537.00,12550.00,12535.00,12541.00,1408.00,0.00,1
818013,MARUTI,1,"2025-07-16 09:17:00",12538.00,12538.00,12513.00,12513.00,599.00,0.00,1
818014,MARUTI,1,"2025-07-16 09:18:00",12513.00,12513.00,12490.00,12493.00,2534.00,0.00,1
818015,MARUTI,1,"2025-07-16 09:19:00",12492.00,12495.00,12488.00,12492.00,812.00,0.00,1
818016,MARUTI,1,"2025-07-16 09:20:00",12492.00,12492.00,12473.00,12476.00,1171.00,0.00,1
818017,MARUTI,1,"2025-07-16 09:21:00",12476.00,12480.00,12466.00,12466.00,887.00,0.00,1
818018,MARUTI,1,"2025-07-16 09:22:00",12464.00,12464.00,12457.00,12463.00,737.00,0.00,1
818019,MARUTI,1,"2025-07-16 09:23:00",12463.00,12475.00,12463.00,12474.00,432.00,0.00,1
818020,MARUTI,1,"2025-07-16 09:24:00",12474.00,12474.00,12468.00,12473.00,457.00,0.00,1
818021,MARUTI,1,"2025-07-16 09:25:00",12468.00,12470.00,12464.00,12466.00,458.00,0.00,1
818022,MARUTI,1,"2025-07-16 09:26:00",12466.00,12472.00,12466.00,12470.00,245.00,0.00,1
818023,MARUTI,1,"2025-07-16 09:27:00",12470.00,12471.00,12468.00,12470.00,554.00,0.00,1
818024,MARUTI,1,"2025-07-16 09:28:00",12475.00,12480.00,12470.00,12470.00,306.00,0.00,1
818025,MARUTI,1,"2025-07-16 09:29:00",12472.00,12481.00,12472.00,12481.00,532.00,0.00,1
818026,MARUTI,1,"2025-07-16 09:30:00",12481.00,12481.00,12465.00,12466.00,455.00,0.00,1
818027,MARUTI,1,"2025-07-16 09:31:00",12469.00,12477.00,12469.00,12476.00,571.00,0.00,1
818028,MARUTI,1,"2025-07-16 09:32:00",12469.00,12495.00,12469.00,12491.00,677.00,0.00,1
818029,MARUTI,1,"2025-07-16 09:33:00",12485.00,12489.00,12484.00,12484.00,493.00,0.00,1
818030,MARUTI,1,"2025-07-16 09:34:00",12484.00,12486.00,12480.00,12482.00,464.00,0.00,1
818031,MARUTI,1,"2025-07-16 09:35:00",12480.00,12480.00,12473.00,12475.00,248.00,0.00,1
818032,MARUTI,1,"2025-07-16 09:36:00",12475.00,12480.00,12473.00,12474.00,378.00,0.00,1
818033,MARUTI,1,"2025-07-16 09:37:00",12476.00,12484.00,12475.00,12475.00,266.00,0.00,1
818034,MARUTI,1,"2025-07-16 09:38:00",12475.00,12486.00,12475.00,12483.00,174.00,0.00,1
818035,MARUTI,1,"2025-07-16 09:39:00",12483.00,12490.00,12481.00,12487.00,443.00,0.00,1
818036,MARUTI,1,"2025-07-16 09:40:00",12490.00,12490.00,12483.00,12484.00,251.00,0.00,1
818037,MARUTI,1,"2025-07-16 09:41:00",12484.00,12491.00,12483.00,12485.00,456.00,0.00,1
818038,MARUTI,1,"2025-07-16 09:42:00",12485.00,12488.00,12479.00,12479.00,265.00,0.00,1
818039,MARUTI,1,"2025-07-16 09:43:00",12479.00,12479.00,12475.00,12479.00,229.00,0.00,1
818040,MARUTI,1,"2025-07-16 09:44:00",12479.00,12479.00,12469.00,12469.00,457.00,0.00,1
818041,MARUTI,1,"2025-07-16 09:45:00",12466.00,12469.00,12458.00,12462.00,1596.00,0.00,1
818042,MARUTI,1,"2025-07-16 09:46:00",12462.00,12468.00,12450.00,12451.00,1009.00,0.00,1
818043,MARUTI,1,"2025-07-16 09:47:00",12451.00,12451.00,12450.00,12451.00,261.00,0.00,1
818044,MARUTI,1,"2025-07-16 09:48:00",12451.00,12455.00,12450.00,12453.00,417.00,0.00,1
818045,MARUTI,1,"2025-07-16 09:49:00",12453.00,12467.00,12453.00,12461.00,341.00,0.00,1
818046,MARUTI,1,"2025-07-16 09:50:00",12461.00,12469.00,12461.00,12464.00,249.00,0.00,1
818047,MARUTI,1,"2025-07-16 09:51:00",12464.00,12464.00,12460.00,12460.00,198.00,0.00,1
818048,MARUTI,1,"2025-07-16 09:52:00",12460.00,12461.00,12455.00,12459.00,178.00,0.00,1
818049,MARUTI,1,"2025-07-16 09:53:00",12459.00,12460.00,12455.00,12458.00,267.00,0.00,1
818050,MARUTI,1,"2025-07-16 09:54:00",12457.00,12459.00,12451.00,12451.00,893.00,0.00,1
818051,MARUTI,1,"2025-07-16 09:55:00",12455.00,12455.00,12452.00,12452.00,116.00,0.00,1
818052,MARUTI,1,"2025-07-16 09:56:00",12453.00,12456.00,12452.00,12455.00,518.00,0.00,1
818053,MARUTI,1,"2025-07-16 09:57:00",12455.00,12457.00,12454.00,12455.00,228.00,0.00,1
818054,MARUTI,1,"2025-07-16 09:58:00",12455.00,12465.00,12455.00,12461.00,210.00,0.00,1
818055,MARUTI,1,"2025-07-16 09:59:00",12461.00,12463.00,12460.00,12461.00,107.00,0.00,1
818056,MARUTI,1,"2025-07-16 10:00:00",12461.00,12469.00,12460.00,12462.00,567.00,0.00,1
818057,MARUTI,1,"2025-07-16 10:01:00",12462.00,12462.00,12455.00,12455.00,394.00,0.00,1
818058,MARUTI,1,"2025-07-16 10:02:00",12456.00,12456.00,12454.00,12454.00,140.00,0.00,1
818059,MARUTI,1,"2025-07-16 10:03:00",12454.00,12464.00,12453.00,12457.00,719.00,0.00,1
818060,MARUTI,1,"2025-07-16 10:04:00",12457.00,12464.00,12457.00,12461.00,334.00,0.00,1
818061,MARUTI,1,"2025-07-16 10:05:00",12466.00,12479.00,12460.00,12478.00,969.00,0.00,1
818062,MARUTI,1,"2025-07-16 10:06:00",12478.00,12485.00,12474.00,12482.00,955.00,0.00,1
818063,MARUTI,1,"2025-07-16 10:07:00",12482.00,12484.00,12477.00,12480.00,448.00,0.00,1
818064,MARUTI,1,"2025-07-16 10:08:00",12481.00,12481.00,12472.00,12476.00,269.00,0.00,1
818065,MARUTI,1,"2025-07-16 10:09:00",12476.00,12476.00,12468.00,12468.00,230.00,0.00,1
818066,MARUTI,1,"2025-07-16 10:10:00",12470.00,12474.00,12468.00,12474.00,256.00,0.00,1
818067,MARUTI,1,"2025-07-16 10:11:00",12474.00,12475.00,12471.00,12474.00,159.00,0.00,1
818068,MARUTI,1,"2025-07-16 10:12:00",12475.00,12475.00,12471.00,12471.00,112.00,0.00,1
818069,MARUTI,1,"2025-07-16 10:13:00",12474.00,12474.00,12466.00,12468.00,128.00,0.00,1
818070,MARUTI,1,"2025-07-16 10:14:00",12468.00,12471.00,12466.00,12470.00,231.00,0.00,1
818071,MARUTI,1,"2025-07-16 10:15:00",12471.00,12473.00,12464.00,12464.00,249.00,0.00,1
818072,MARUTI,1,"2025-07-16 10:16:00",12464.00,12467.00,12463.00,12464.00,95.00,0.00,1
818073,MARUTI,1,"2025-07-16 10:17:00",12464.00,12465.00,12461.00,12461.00,289.00,0.00,1
818074,MARUTI,1,"2025-07-16 10:18:00",12461.00,12465.00,12456.00,12459.00,392.00,0.00,1
818075,MARUTI,1,"2025-07-16 10:19:00",12459.00,12459.00,12456.00,12457.00,192.00,0.00,1
818076,MARUTI,1,"2025-07-16 10:20:00",12457.00,12467.00,12456.00,12467.00,404.00,0.00,1
818077,MARUTI,1,"2025-07-16 10:21:00",12467.00,12467.00,12456.00,12458.00,333.00,0.00,1
818078,MARUTI,1,"2025-07-16 10:22:00",12462.00,12465.00,12458.00,12460.00,434.00,0.00,1
818079,MARUTI,1,"2025-07-16 10:23:00",12463.00,12463.00,12459.00,12460.00,177.00,0.00,1
818080,MARUTI,1,"2025-07-16 10:24:00",12460.00,12462.00,12460.00,12460.00,101.00,0.00,1
818081,MARUTI,1,"2025-07-16 10:25:00",12460.00,12462.00,12454.00,12454.00,188.00,0.00,1
818082,MARUTI,1,"2025-07-16 10:26:00",12458.00,12458.00,12454.00,12455.00,255.00,0.00,1
818083,MARUTI,1,"2025-07-16 10:27:00",12455.00,12459.00,12455.00,12455.00,466.00,0.00,1
818084,MARUTI,1,"2025-07-16 10:28:00",12458.00,12458.00,12455.00,12455.00,143.00,0.00,1
818085,MARUTI,1,"2025-07-16 10:29:00",12457.00,12457.00,12455.00,12455.00,214.00,0.00,1
818086,MARUTI,1,"2025-07-16 10:30:00",12457.00,12460.00,12456.00,12456.00,354.00,0.00,1
818087,MARUTI,1,"2025-07-16 10:31:00",12458.00,12460.00,12455.00,12456.00,364.00,0.00,1
818088,MARUTI,1,"2025-07-16 10:32:00",12456.00,12463.00,12456.00,12463.00,246.00,0.00,1
818089,MARUTI,1,"2025-07-16 10:33:00",12463.00,12465.00,12460.00,12460.00,535.00,0.00,1
818090,MARUTI,1,"2025-07-16 10:34:00",12461.00,12461.00,12458.00,12459.00,169.00,0.00,1
818091,MARUTI,1,"2025-07-16 10:35:00",12458.00,12459.00,12454.00,12454.00,130.00,0.00,1
818092,MARUTI,1,"2025-07-16 10:36:00",12457.00,12457.00,12453.00,12454.00,240.00,0.00,1
818093,MARUTI,1,"2025-07-16 10:37:00",12454.00,12455.00,12452.00,12455.00,546.00,0.00,1
818094,MARUTI,1,"2025-07-16 10:38:00",12455.00,12455.00,12452.00,12452.00,102.00,0.00,1
818095,MARUTI,1,"2025-07-16 10:39:00",12454.00,12454.00,12451.00,12453.00,217.00,0.00,1
818096,MARUTI,1,"2025-07-16 10:40:00",12452.00,12455.00,12452.00,12453.00,292.00,0.00,1
818097,MARUTI,1,"2025-07-16 10:41:00",12455.00,12455.00,12451.00,12451.00,132.00,0.00,1
818098,MARUTI,1,"2025-07-16 10:42:00",12453.00,12453.00,12450.00,12452.00,128.00,0.00,1
818099,MARUTI,1,"2025-07-16 10:43:00",12452.00,12460.00,12450.00,12455.00,404.00,0.00,1
818100,MARUTI,1,"2025-07-16 10:44:00",12455.00,12460.00,12450.00,12450.00,156.00,0.00,1
818101,MARUTI,1,"2025-07-16 10:45:00",12451.00,12451.00,12450.00,12450.00,152.00,0.00,1
818102,MARUTI,1,"2025-07-16 10:46:00",12451.00,12455.00,12450.00,12453.00,369.00,0.00,1
818103,MARUTI,1,"2025-07-16 10:47:00",12451.00,12461.00,12451.00,12451.00,238.00,0.00,1
818104,MARUTI,1,"2025-07-16 10:48:00",12451.00,12453.00,12449.00,12452.00,420.00,0.00,1
818105,MARUTI,1,"2025-07-16 10:49:00",12452.00,12453.00,12447.00,12450.00,460.00,0.00,1
818106,MARUTI,1,"2025-07-16 10:50:00",12450.00,12450.00,12439.00,12444.00,934.00,0.00,1
818107,MARUTI,1,"2025-07-16 10:51:00",12444.00,12451.00,12439.00,12451.00,453.00,0.00,1
818108,MARUTI,1,"2025-07-16 10:52:00",12451.00,12451.00,12445.00,12448.00,160.00,0.00,1
818109,MARUTI,1,"2025-07-16 10:53:00",12448.00,12459.00,12446.00,12454.00,331.00,0.00,1
818110,MARUTI,1,"2025-07-16 10:54:00",12456.00,12457.00,12454.00,12454.00,168.00,0.00,1
818111,MARUTI,1,"2025-07-16 10:55:00",12454.00,12465.00,12454.00,12460.00,289.00,0.00,1
818112,MARUTI,1,"2025-07-16 10:56:00",12464.00,12466.00,12460.00,12462.00,238.00,0.00,1
818113,MARUTI,1,"2025-07-16 10:57:00",12462.00,12469.00,12462.00,12465.00,535.00,0.00,1
818114,MARUTI,1,"2025-07-16 10:58:00",12465.00,12467.00,12462.00,12462.00,107.00,0.00,1
818115,MARUTI,1,"2025-07-16 10:59:00",12461.00,12469.00,12461.00,12469.00,381.00,0.00,1
818116,MARUTI,1,"2025-07-16 11:00:00",12466.00,12469.00,12464.00,12466.00,182.00,0.00,1
818117,MARUTI,1,"2025-07-16 11:01:00",12466.00,12469.00,12460.00,12462.00,878.00,0.00,1
818118,MARUTI,1,"2025-07-16 11:02:00",12462.00,12462.00,12460.00,12461.00,143.00,0.00,1
818119,MARUTI,1,"2025-07-16 11:03:00",12461.00,12469.00,12461.00,12469.00,400.00,0.00,1
818120,MARUTI,1,"2025-07-16 11:04:00",12469.00,12469.00,12466.00,12467.00,211.00,0.00,1
818121,MARUTI,1,"2025-07-16 11:05:00",12469.00,12469.00,12463.00,12464.00,259.00,0.00,1
818122,MARUTI,1,"2025-07-16 11:06:00",12467.00,12467.00,12463.00,12464.00,158.00,0.00,1
818123,MARUTI,1,"2025-07-16 11:07:00",12464.00,12467.00,12463.00,12467.00,436.00,0.00,1
818124,MARUTI,1,"2025-07-16 11:08:00",12467.00,12468.00,12465.00,12466.00,198.00,0.00,1
818125,MARUTI,1,"2025-07-16 11:09:00",12466.00,12468.00,12465.00,12465.00,100.00,0.00,1
818126,MARUTI,1,"2025-07-16 11:10:00",12465.00,12467.00,12461.00,12461.00,176.00,0.00,1
818127,MARUTI,1,"2025-07-16 11:11:00",12461.00,12468.00,12459.00,12468.00,544.00,0.00,1
818128,MARUTI,1,"2025-07-16 11:12:00",12468.00,12468.00,12461.00,12462.00,89.00,0.00,1
818129,MARUTI,1,"2025-07-16 11:13:00",12462.00,12470.00,12461.00,12466.00,287.00,0.00,1
818130,MARUTI,1,"2025-07-16 11:14:00",12469.00,12469.00,12463.00,12463.00,66.00,0.00,1
818131,MARUTI,1,"2025-07-16 11:15:00",12463.00,12465.00,12459.00,12459.00,172.00,0.00,1
818132,MARUTI,1,"2025-07-16 11:16:00",12459.00,12461.00,12454.00,12455.00,587.00,0.00,1
818133,MARUTI,1,"2025-07-16 11:17:00",12452.00,12455.00,12452.00,12453.00,242.00,0.00,1
818134,MARUTI,1,"2025-07-16 11:18:00",12453.00,12456.00,12452.00,12456.00,261.00,0.00,1
818135,MARUTI,1,"2025-07-16 11:19:00",12456.00,12456.00,12455.00,12456.00,91.00,0.00,1
818136,MARUTI,1,"2025-07-16 11:20:00",12455.00,12461.00,12455.00,12457.00,421.00,0.00,1
818137,MARUTI,1,"2025-07-16 11:21:00",12460.00,12460.00,12458.00,12458.00,117.00,0.00,1
818138,MARUTI,1,"2025-07-16 11:22:00",12458.00,12460.00,12458.00,12460.00,170.00,0.00,1
818139,MARUTI,1,"2025-07-16 11:23:00",12460.00,12460.00,12458.00,12458.00,131.00,0.00,1
818140,MARUTI,1,"2025-07-16 11:24:00",12460.00,12475.00,12459.00,12473.00,1113.00,0.00,1
818141,MARUTI,1,"2025-07-16 11:25:00",12473.00,12475.00,12470.00,12470.00,261.00,0.00,1
818142,MARUTI,1,"2025-07-16 11:26:00",12474.00,12475.00,12467.00,12474.00,300.00,0.00,1
818143,MARUTI,1,"2025-07-16 11:27:00",12474.00,12483.00,12470.00,12478.00,987.00,0.00,1
818144,MARUTI,1,"2025-07-16 11:28:00",12478.00,12484.00,12478.00,12480.00,307.00,0.00,1
818145,MARUTI,1,"2025-07-16 11:29:00",12480.00,12483.00,12478.00,12480.00,218.00,0.00,1
818146,MARUTI,1,"2025-07-16 11:30:00",12480.00,12480.00,12475.00,12478.00,151.00,0.00,1
818147,MARUTI,1,"2025-07-16 11:31:00",12478.00,12478.00,12475.00,12475.00,179.00,0.00,1
818148,MARUTI,1,"2025-07-16 11:32:00",12470.00,12475.00,12469.00,12473.00,323.00,0.00,1
818149,MARUTI,1,"2025-07-16 11:33:00",12473.00,12473.00,12468.00,12471.00,130.00,0.00,1
818150,MARUTI,1,"2025-07-16 11:34:00",12471.00,12475.00,12471.00,12471.00,68.00,0.00,1
818151,MARUTI,1,"2025-07-16 11:35:00",12474.00,12474.00,12469.00,12469.00,69.00,0.00,1
818152,MARUTI,1,"2025-07-16 11:36:00",12469.00,12480.00,12469.00,12479.00,434.00,0.00,1
818153,MARUTI,1,"2025-07-16 11:37:00",12479.00,12480.00,12472.00,12480.00,72.00,0.00,1
818154,MARUTI,1,"2025-07-16 11:38:00",12480.00,12480.00,12476.00,12477.00,93.00,0.00,1
818155,MARUTI,1,"2025-07-16 11:39:00",12477.00,12480.00,12476.00,12479.00,135.00,0.00,1
818156,MARUTI,1,"2025-07-16 11:40:00",12479.00,12483.00,12477.00,12478.00,183.00,0.00,1
818157,MARUTI,1,"2025-07-16 11:41:00",12480.00,12483.00,12478.00,12479.00,150.00,0.00,1
818158,MARUTI,1,"2025-07-16 11:42:00",12479.00,12483.00,12478.00,12478.00,127.00,0.00,1
818159,MARUTI,1,"2025-07-16 11:43:00",12478.00,12481.00,12478.00,12480.00,184.00,0.00,1
818160,MARUTI,1,"2025-07-16 11:44:00",12479.00,12482.00,12478.00,12482.00,151.00,0.00,1
818161,MARUTI,1,"2025-07-16 11:45:00",12482.00,12482.00,12478.00,12481.00,235.00,0.00,1
818162,MARUTI,1,"2025-07-16 11:46:00",12481.00,12481.00,12475.00,12478.00,97.00,0.00,1
818163,MARUTI,1,"2025-07-16 11:47:00",12478.00,12479.00,12475.00,12475.00,219.00,0.00,1
818164,MARUTI,1,"2025-07-16 11:48:00",12475.00,12478.00,12475.00,12478.00,149.00,0.00,1
818165,MARUTI,1,"2025-07-16 11:49:00",12478.00,12482.00,12477.00,12481.00,137.00,0.00,1
818166,MARUTI,1,"2025-07-16 11:50:00",12482.00,12482.00,12478.00,12478.00,51.00,0.00,1
818167,MARUTI,1,"2025-07-16 11:51:00",12478.00,12481.00,12478.00,12479.00,349.00,0.00,1
818168,MARUTI,1,"2025-07-16 11:52:00",12479.00,12498.00,12479.00,12497.00,1784.00,0.00,1
818169,MARUTI,1,"2025-07-16 11:53:00",12495.00,12504.00,12493.00,12504.00,300.00,0.00,1
818170,MARUTI,1,"2025-07-16 11:54:00",12501.00,12514.00,12501.00,12514.00,2555.00,0.00,1
818171,MARUTI,1,"2025-07-16 11:55:00",12515.00,12515.00,12491.00,12491.00,622.00,0.00,1
818172,MARUTI,1,"2025-07-16 11:56:00",12492.00,12495.00,12491.00,12492.00,286.00,0.00,1
818173,MARUTI,1,"2025-07-16 11:57:00",12492.00,12499.00,12492.00,12494.00,219.00,0.00,1
818174,MARUTI,1,"2025-07-16 11:58:00",12494.00,12495.00,12490.00,12495.00,268.00,0.00,1
818175,MARUTI,1,"2025-07-16 11:59:00",12495.00,12495.00,12489.00,12489.00,94.00,0.00,1
818176,MARUTI,1,"2025-07-16 12:00:00",12492.00,12494.00,12489.00,12492.00,209.00,0.00,1
818177,MARUTI,1,"2025-07-16 12:01:00",12492.00,12492.00,12491.00,12491.00,85.00,0.00,1
818178,MARUTI,1,"2025-07-16 12:02:00",12490.00,12494.00,12490.00,12494.00,90.00,0.00,1
818179,MARUTI,1,"2025-07-16 12:03:00",12494.00,12495.00,12487.00,12487.00,326.00,0.00,1
818180,MARUTI,1,"2025-07-16 12:04:00",12487.00,12490.00,12487.00,12487.00,47.00,0.00,1
818181,MARUTI,1,"2025-07-16 12:05:00",12487.00,12494.00,12487.00,12489.00,228.00,0.00,1
818182,MARUTI,1,"2025-07-16 12:06:00",12489.00,12495.00,12489.00,12495.00,165.00,0.00,1
818183,MARUTI,1,"2025-07-16 12:07:00",12495.00,12498.00,12495.00,12496.00,127.00,0.00,1
818184,MARUTI,1,"2025-07-16 12:08:00",12496.00,12497.00,12493.00,12494.00,299.00,0.00,1
818185,MARUTI,1,"2025-07-16 12:09:00",12497.00,12498.00,12493.00,12497.00,124.00,0.00,1
818186,MARUTI,1,"2025-07-16 12:10:00",12497.00,12505.00,12494.00,12500.00,519.00,0.00,1
818187,MARUTI,1,"2025-07-16 12:11:00",12500.00,12507.00,12498.00,12502.00,171.00,0.00,1
818188,MARUTI,1,"2025-07-16 12:12:00",12502.00,12504.00,12500.00,12500.00,143.00,0.00,1
818189,MARUTI,1,"2025-07-16 12:13:00",12500.00,12505.00,12500.00,12502.00,224.00,0.00,1
818190,MARUTI,1,"2025-07-16 12:14:00",12502.00,12505.00,12502.00,12503.00,60.00,0.00,1
818191,MARUTI,1,"2025-07-16 12:15:00",12503.00,12505.00,12498.00,12500.00,320.00,0.00,1
818192,MARUTI,1,"2025-07-16 12:16:00",12500.00,12502.00,12497.00,12498.00,196.00,0.00,1
818193,MARUTI,1,"2025-07-16 12:17:00",12498.00,12501.00,12493.00,12493.00,197.00,0.00,1
818194,MARUTI,1,"2025-07-16 12:18:00",12494.00,12497.00,12494.00,12497.00,114.00,0.00,1
818195,MARUTI,1,"2025-07-16 12:19:00",12497.00,12502.00,12495.00,12496.00,219.00,0.00,1
818196,MARUTI,1,"2025-07-16 12:20:00",12496.00,12496.00,12491.00,12492.00,106.00,0.00,1
818197,MARUTI,1,"2025-07-16 12:21:00",12492.00,12500.00,12492.00,12493.00,122.00,0.00,1
818198,MARUTI,1,"2025-07-16 12:22:00",12493.00,12498.00,12493.00,12493.00,88.00,0.00,1
818199,MARUTI,1,"2025-07-16 12:23:00",12498.00,12498.00,12490.00,12490.00,214.00,0.00,1
818200,MARUTI,1,"2025-07-16 12:24:00",12492.00,12494.00,12488.00,12489.00,367.00,0.00,1
818201,MARUTI,1,"2025-07-16 12:25:00",12489.00,12493.00,12489.00,12491.00,179.00,0.00,1
818202,MARUTI,1,"2025-07-16 12:26:00",12489.00,12493.00,12489.00,12489.00,80.00,0.00,1
818203,MARUTI,1,"2025-07-16 12:27:00",12493.00,12494.00,12489.00,12489.00,122.00,0.00,1
818204,MARUTI,1,"2025-07-16 12:28:00",12492.00,12494.00,12489.00,12489.00,140.00,0.00,1
818205,MARUTI,1,"2025-07-16 12:29:00",12489.00,12492.00,12476.00,12480.00,708.00,0.00,1
818206,MARUTI,1,"2025-07-16 12:30:00",12480.00,12485.00,12479.00,12484.00,1626.00,0.00,1
818207,MARUTI,1,"2025-07-16 12:31:00",12484.00,12485.00,12471.00,12472.00,782.00,0.00,1
818208,MARUTI,1,"2025-07-16 12:32:00",12475.00,12478.00,12472.00,12473.00,158.00,0.00,1
818209,MARUTI,1,"2025-07-16 12:33:00",12472.00,12480.00,12472.00,12480.00,274.00,0.00,1
818210,MARUTI,1,"2025-07-16 12:34:00",12479.00,12479.00,12472.00,12473.00,128.00,0.00,1
818211,MARUTI,1,"2025-07-16 12:35:00",12475.00,12475.00,12473.00,12473.00,130.00,0.00,1
818212,MARUTI,1,"2025-07-16 12:36:00",12473.00,12476.00,12472.00,12474.00,148.00,0.00,1
818213,MARUTI,1,"2025-07-16 12:37:00",12474.00,12479.00,12471.00,12473.00,255.00,0.00,1
818214,MARUTI,1,"2025-07-16 12:38:00",12471.00,12472.00,12464.00,12465.00,749.00,0.00,1
818215,MARUTI,1,"2025-07-16 12:39:00",12465.00,12468.00,12464.00,12466.00,150.00,0.00,1
818216,MARUTI,1,"2025-07-16 12:40:00",12466.00,12469.00,12465.00,12467.00,155.00,0.00,1
818217,MARUTI,1,"2025-07-16 12:41:00",12466.00,12477.00,12466.00,12474.00,406.00,0.00,1
818218,MARUTI,1,"2025-07-16 12:42:00",12474.00,12477.00,12473.00,12476.00,106.00,0.00,1
818219,MARUTI,1,"2025-07-16 12:43:00",12476.00,12479.00,12473.00,12477.00,298.00,0.00,1
818220,MARUTI,1,"2025-07-16 12:44:00",12478.00,12483.00,12474.00,12475.00,1832.00,0.00,1
818221,MARUTI,1,"2025-07-16 12:45:00",12476.00,12478.00,12475.00,12477.00,128.00,0.00,1
818222,MARUTI,1,"2025-07-16 12:46:00",12476.00,12489.00,12476.00,12486.00,236.00,0.00,1
818223,MARUTI,1,"2025-07-16 12:47:00",12486.00,12497.00,12484.00,12497.00,733.00,0.00,1
818224,MARUTI,1,"2025-07-16 12:48:00",12496.00,12497.00,12486.00,12486.00,1513.00,0.00,1
818225,MARUTI,1,"2025-07-16 12:49:00",12486.00,12486.00,12478.00,12486.00,239.00,0.00,1
818226,MARUTI,1,"2025-07-16 12:50:00",12486.00,12486.00,12485.00,12486.00,165.00,0.00,1
818227,MARUTI,1,"2025-07-16 12:51:00",12488.00,12489.00,12485.00,12485.00,837.00,0.00,1
818228,MARUTI,1,"2025-07-16 12:52:00",12485.00,12485.00,12478.00,12483.00,324.00,0.00,1
818229,MARUTI,1,"2025-07-16 12:53:00",12484.00,12484.00,12479.00,12479.00,109.00,0.00,1
818230,MARUTI,1,"2025-07-16 12:54:00",12479.00,12484.00,12478.00,12478.00,211.00,0.00,1
818231,MARUTI,1,"2025-07-16 12:55:00",12478.00,12482.00,12478.00,12478.00,84.00,0.00,1
818232,MARUTI,1,"2025-07-16 12:56:00",12479.00,12482.00,12478.00,12478.00,167.00,0.00,1
818233,MARUTI,1,"2025-07-16 12:57:00",12478.00,12488.00,12478.00,12480.00,301.00,0.00,1
818234,MARUTI,1,"2025-07-16 12:58:00",12480.00,12485.00,12480.00,12484.00,140.00,0.00,1
818235,MARUTI,1,"2025-07-16 12:59:00",12484.00,12486.00,12480.00,12485.00,164.00,0.00,1
818236,MARUTI,1,"2025-07-16 13:00:00",12485.00,12486.00,12485.00,12486.00,119.00,0.00,1
818237,MARUTI,1,"2025-07-16 13:01:00",12486.00,12486.00,12485.00,12485.00,124.00,0.00,1
818238,MARUTI,1,"2025-07-16 13:02:00",12485.00,12488.00,12485.00,12488.00,307.00,0.00,1
818239,MARUTI,1,"2025-07-16 13:03:00",12488.00,12489.00,12488.00,12488.00,257.00,0.00,1
818240,MARUTI,1,"2025-07-16 13:04:00",12489.00,12489.00,12488.00,12488.00,112.00,0.00,1
818241,MARUTI,1,"2025-07-16 13:05:00",12492.00,12497.00,12485.00,12485.00,2741.00,0.00,1
818242,MARUTI,1,"2025-07-16 13:06:00",12485.00,12490.00,12480.00,12483.00,6091.00,0.00,1
818243,MARUTI,1,"2025-07-16 13:07:00",12483.00,12490.00,12479.00,12490.00,2565.00,0.00,1
818244,MARUTI,1,"2025-07-16 13:08:00",12490.00,12491.00,12485.00,12488.00,262.00,0.00,1
818245,MARUTI,1,"2025-07-16 13:09:00",12488.00,12499.00,12485.00,12491.00,816.00,0.00,1
818246,MARUTI,1,"2025-07-16 13:10:00",12491.00,12504.00,12491.00,12500.00,8656.00,0.00,1
818247,MARUTI,1,"2025-07-16 13:11:00",12500.00,12505.00,12497.00,12497.00,1542.00,0.00,1
818248,MARUTI,1,"2025-07-16 13:12:00",12497.00,12503.00,12484.00,12494.00,2677.00,0.00,1
818249,MARUTI,1,"2025-07-16 13:13:00",12494.00,12496.00,12488.00,12488.00,817.00,0.00,1
818250,MARUTI,1,"2025-07-16 13:14:00",12488.00,12497.00,12488.00,12496.00,332.00,0.00,1
818251,MARUTI,1,"2025-07-16 13:15:00",12496.00,12500.00,12490.00,12500.00,530.00,0.00,1
818252,MARUTI,1,"2025-07-16 13:16:00",12500.00,12500.00,12495.00,12496.00,161.00,0.00,1
818253,MARUTI,1,"2025-07-16 13:17:00",12496.00,12500.00,12495.00,12496.00,414.00,0.00,1
818254,MARUTI,1,"2025-07-16 13:18:00",12496.00,12504.00,12495.00,12503.00,569.00,0.00,1
818255,MARUTI,1,"2025-07-16 13:19:00",12503.00,12505.00,12494.00,12494.00,385.00,0.00,1
818256,MARUTI,1,"2025-07-16 13:20:00",12493.00,12497.00,12492.00,12492.00,209.00,0.00,1
818257,MARUTI,1,"2025-07-16 13:21:00",12492.00,12496.00,12491.00,12491.00,135.00,0.00,1
818258,MARUTI,1,"2025-07-16 13:22:00",12492.00,12492.00,12487.00,12489.00,199.00,0.00,1
818259,MARUTI,1,"2025-07-16 13:23:00",12489.00,12492.00,12489.00,12489.00,150.00,0.00,1
818260,MARUTI,1,"2025-07-16 13:24:00",12489.00,12493.00,12489.00,12490.00,224.00,0.00,1
818261,MARUTI,1,"2025-07-16 13:25:00",12490.00,12492.00,12488.00,12488.00,121.00,0.00,1
818262,MARUTI,1,"2025-07-16 13:26:00",12488.00,12493.00,12488.00,12492.00,173.00,0.00,1
818263,MARUTI,1,"2025-07-16 13:27:00",12492.00,12492.00,12487.00,12488.00,115.00,0.00,1
818264,MARUTI,1,"2025-07-16 13:28:00",12487.00,12495.00,12487.00,12489.00,569.00,0.00,1
818265,MARUTI,1,"2025-07-16 13:29:00",12489.00,12494.00,12489.00,12494.00,191.00,0.00,1
818266,MARUTI,1,"2025-07-16 13:30:00",12494.00,12495.00,12489.00,12494.00,154.00,0.00,1
818267,MARUTI,1,"2025-07-16 13:31:00",12495.00,12495.00,12489.00,12493.00,237.00,0.00,1
818268,MARUTI,1,"2025-07-16 13:32:00",12493.00,12493.00,12489.00,12490.00,128.00,0.00,1
818269,MARUTI,1,"2025-07-16 13:33:00",12490.00,12490.00,12484.00,12485.00,806.00,0.00,1
818270,MARUTI,1,"2025-07-16 13:34:00",12485.00,12490.00,12481.00,12482.00,2045.00,0.00,1
818271,MARUTI,1,"2025-07-16 13:35:00",12482.00,12485.00,12482.00,12482.00,110.00,0.00,1
818272,MARUTI,1,"2025-07-16 13:36:00",12482.00,12485.00,12482.00,12482.00,142.00,0.00,1
818273,MARUTI,1,"2025-07-16 13:37:00",12482.00,12493.00,12482.00,12493.00,1132.00,0.00,1
818274,MARUTI,1,"2025-07-16 13:38:00",12493.00,12501.00,12489.00,12494.00,2430.00,0.00,1
818275,MARUTI,1,"2025-07-16 13:39:00",12494.00,12504.00,12494.00,12504.00,648.00,0.00,1
818276,MARUTI,1,"2025-07-16 13:40:00",12504.00,12508.00,12501.00,12507.00,471.00,0.00,1
818277,MARUTI,1,"2025-07-16 13:41:00",12508.00,12515.00,12508.00,12513.00,589.00,0.00,1
818278,MARUTI,1,"2025-07-16 13:42:00",12513.00,12515.00,12511.00,12514.00,139.00,0.00,1
818279,MARUTI,1,"2025-07-16 13:43:00",12514.00,12515.00,12510.00,12510.00,348.00,0.00,1
818280,MARUTI,1,"2025-07-16 13:44:00",12510.00,12520.00,12510.00,12516.00,1806.00,0.00,1
818281,MARUTI,1,"2025-07-16 13:45:00",12516.00,12516.00,12513.00,12515.00,957.00,0.00,1
818282,MARUTI,1,"2025-07-16 13:46:00",12514.00,12514.00,12510.00,12510.00,240.00,0.00,1
818283,MARUTI,1,"2025-07-16 13:47:00",12510.00,12514.00,12507.00,12511.00,265.00,0.00,1
818284,MARUTI,1,"2025-07-16 13:48:00",12511.00,12517.00,12511.00,12514.00,369.00,0.00,1
818285,MARUTI,1,"2025-07-16 13:49:00",12514.00,12517.00,12511.00,12515.00,137.00,0.00,1
818286,MARUTI,1,"2025-07-16 13:50:00",12515.00,12537.00,12515.00,12528.00,1481.00,0.00,1
818287,MARUTI,1,"2025-07-16 13:51:00",12528.00,12548.00,12528.00,12545.00,880.00,0.00,1
818288,MARUTI,1,"2025-07-16 13:52:00",12547.00,12550.00,12531.00,12531.00,482.00,0.00,1
818289,MARUTI,1,"2025-07-16 13:53:00",12534.00,12539.00,12531.00,12531.00,277.00,0.00,1
818290,MARUTI,1,"2025-07-16 13:54:00",12531.00,12538.00,12525.00,12530.00,272.00,0.00,1
818291,MARUTI,1,"2025-07-16 13:55:00",12530.00,12534.00,12528.00,12528.00,139.00,0.00,1
818292,MARUTI,1,"2025-07-16 13:56:00",12529.00,12534.00,12528.00,12528.00,165.00,0.00,1
818293,MARUTI,1,"2025-07-16 13:57:00",12528.00,12538.00,12528.00,12536.00,242.00,0.00,1
818294,MARUTI,1,"2025-07-16 13:58:00",12539.00,12542.00,12538.00,12540.00,282.00,0.00,1
818295,MARUTI,1,"2025-07-16 13:59:00",12542.00,12547.00,12539.00,12545.00,374.00,0.00,1
818296,MARUTI,1,"2025-07-16 14:00:00",12546.00,12555.00,12545.00,12552.00,724.00,0.00,1
818297,MARUTI,1,"2025-07-16 14:01:00",12552.00,12571.00,12551.00,12563.00,2518.00,0.00,1
818298,MARUTI,1,"2025-07-16 14:02:00",12563.00,12569.00,12555.00,12556.00,507.00,0.00,1
818299,MARUTI,1,"2025-07-16 14:03:00",12556.00,12570.00,12556.00,12570.00,577.00,0.00,1
818300,MARUTI,1,"2025-07-16 14:04:00",12570.00,12570.00,12558.00,12564.00,598.00,0.00,1
818301,MARUTI,1,"2025-07-16 14:05:00",12564.00,12564.00,12548.00,12548.00,634.00,0.00,1
818302,MARUTI,1,"2025-07-16 14:06:00",12548.00,12556.00,12548.00,12554.00,296.00,0.00,1
818303,MARUTI,1,"2025-07-16 14:07:00",12554.00,12555.00,12549.00,12554.00,323.00,0.00,1
818304,MARUTI,1,"2025-07-16 14:08:00",12554.00,12559.00,12545.00,12548.00,680.00,0.00,1
818305,MARUTI,1,"2025-07-16 14:09:00",12548.00,12555.00,12547.00,12551.00,248.00,0.00,1
818306,MARUTI,1,"2025-07-16 14:10:00",12551.00,12554.00,12545.00,12554.00,331.00,0.00,1
818307,MARUTI,1,"2025-07-16 14:11:00",12551.00,12562.00,12551.00,12559.00,753.00,0.00,1
818308,MARUTI,1,"2025-07-16 14:12:00",12559.00,12568.00,12559.00,12568.00,738.00,0.00,1
818309,MARUTI,1,"2025-07-16 14:13:00",12568.00,12569.00,12551.00,12551.00,417.00,0.00,1
818310,MARUTI,1,"2025-07-16 14:14:00",12551.00,12551.00,12549.00,12550.00,319.00,0.00,1
818311,MARUTI,1,"2025-07-16 14:15:00",12550.00,12566.00,12550.00,12553.00,636.00,0.00,1
818312,MARUTI,1,"2025-07-16 14:16:00",12553.00,12559.00,12551.00,12555.00,226.00,0.00,1
818313,MARUTI,1,"2025-07-16 14:17:00",12555.00,12557.00,12550.00,12550.00,233.00,0.00,1
818314,MARUTI,1,"2025-07-16 14:18:00",12550.00,12553.00,12550.00,12550.00,318.00,0.00,1
818315,MARUTI,1,"2025-07-16 14:19:00",12550.00,12552.00,12550.00,12550.00,138.00,0.00,1
818316,MARUTI,1,"2025-07-16 14:20:00",12550.00,12552.00,12550.00,12550.00,191.00,0.00,1
818317,MARUTI,1,"2025-07-16 14:21:00",12550.00,12550.00,12545.00,12550.00,545.00,0.00,1
818318,MARUTI,1,"2025-07-16 14:22:00",12552.00,12552.00,12545.00,12550.00,449.00,0.00,1
818319,MARUTI,1,"2025-07-16 14:23:00",12550.00,12553.00,12547.00,12552.00,169.00,0.00,1
818320,MARUTI,1,"2025-07-16 14:24:00",12553.00,12553.00,12550.00,12550.00,273.00,0.00,1
818321,MARUTI,1,"2025-07-16 14:25:00",12553.00,12553.00,12550.00,12550.00,104.00,0.00,1
818322,MARUTI,1,"2025-07-16 14:26:00",12550.00,12552.00,12550.00,12552.00,317.00,0.00,1
818323,MARUTI,1,"2025-07-16 14:27:00",12552.00,12562.00,12550.00,12561.00,498.00,0.00,1
818324,MARUTI,1,"2025-07-16 14:28:00",12561.00,12562.00,12556.00,12560.00,162.00,0.00,1
818325,MARUTI,1,"2025-07-16 14:29:00",12560.00,12560.00,12556.00,12558.00,107.00,0.00,1
818326,MARUTI,1,"2025-07-16 14:30:00",12557.00,12559.00,12555.00,12558.00,294.00,0.00,1
818327,MARUTI,1,"2025-07-16 14:31:00",12558.00,12558.00,12554.00,12554.00,93.00,0.00,1
818328,MARUTI,1,"2025-07-16 14:32:00",12555.00,12560.00,12554.00,12559.00,259.00,0.00,1
818329,MARUTI,1,"2025-07-16 14:33:00",12558.00,12560.00,12552.00,12553.00,174.00,0.00,1
818330,MARUTI,1,"2025-07-16 14:34:00",12557.00,12559.00,12553.00,12559.00,356.00,0.00,1
818331,MARUTI,1,"2025-07-16 14:35:00",12559.00,12564.00,12554.00,12560.00,1810.00,0.00,1
818332,MARUTI,1,"2025-07-16 14:36:00",12562.00,12562.00,12560.00,12560.00,310.00,0.00,1
818333,MARUTI,1,"2025-07-16 14:37:00",12560.00,12563.00,12560.00,12563.00,402.00,0.00,1
818334,MARUTI,1,"2025-07-16 14:38:00",12563.00,12564.00,12560.00,12561.00,290.00,0.00,1
818335,MARUTI,1,"2025-07-16 14:39:00",12564.00,12564.00,12561.00,12561.00,178.00,0.00,1
818336,MARUTI,1,"2025-07-16 14:40:00",12563.00,12563.00,12560.00,12561.00,220.00,0.00,1
818337,MARUTI,1,"2025-07-16 14:41:00",12561.00,12563.00,12560.00,12563.00,269.00,0.00,1
818338,MARUTI,1,"2025-07-16 14:42:00",12563.00,12563.00,12560.00,12562.00,220.00,0.00,1
818339,MARUTI,1,"2025-07-16 14:43:00",12561.00,12562.00,12560.00,12562.00,260.00,0.00,1
818340,MARUTI,1,"2025-07-16 14:44:00",12562.00,12562.00,12560.00,12561.00,277.00,0.00,1
818341,MARUTI,1,"2025-07-16 14:45:00",12560.00,12563.00,12560.00,12563.00,328.00,0.00,1
818342,MARUTI,1,"2025-07-16 14:46:00",12560.00,12563.00,12560.00,12560.00,224.00,0.00,1
818343,MARUTI,1,"2025-07-16 14:47:00",12561.00,12561.00,12560.00,12561.00,389.00,0.00,1
818344,MARUTI,1,"2025-07-16 14:48:00",12561.00,12561.00,12560.00,12561.00,326.00,0.00,1
818345,MARUTI,1,"2025-07-16 14:49:00",12560.00,12562.00,12560.00,12561.00,337.00,0.00,1
818346,MARUTI,1,"2025-07-16 14:50:00",12560.00,12564.00,12559.00,12563.00,4347.00,0.00,1
818347,MARUTI,1,"2025-07-16 14:51:00",12565.00,12565.00,12560.00,12560.00,162.00,0.00,1
818348,MARUTI,1,"2025-07-16 14:52:00",12560.00,12562.00,12560.00,12562.00,235.00,0.00,1
818349,MARUTI,1,"2025-07-16 14:53:00",12560.00,12564.00,12560.00,12561.00,509.00,0.00,1
818350,MARUTI,1,"2025-07-16 14:54:00",12561.00,12564.00,12560.00,12560.00,152.00,0.00,1
818351,MARUTI,1,"2025-07-16 14:55:00",12560.00,12564.00,12560.00,12561.00,224.00,0.00,1
818352,MARUTI,1,"2025-07-16 14:56:00",12560.00,12561.00,12560.00,12561.00,279.00,0.00,1
818353,MARUTI,1,"2025-07-16 14:57:00",12560.00,12561.00,12560.00,12561.00,166.00,0.00,1
818354,MARUTI,1,"2025-07-16 14:58:00",12560.00,12561.00,12560.00,12560.00,452.00,0.00,1
818355,MARUTI,1,"2025-07-16 14:59:00",12560.00,12561.00,12560.00,12560.00,378.00,0.00,1
818356,MARUTI,1,"2025-07-16 15:00:00",12560.00,12562.00,12560.00,12560.00,2576.00,0.00,1
818357,MARUTI,1,"2025-07-16 15:01:00",12561.00,12561.00,12560.00,12560.00,1184.00,0.00,1
818358,MARUTI,1,"2025-07-16 15:02:00",12560.00,12561.00,12560.00,12560.00,1144.00,0.00,1
818359,MARUTI,1,"2025-07-16 15:03:00",12560.00,12561.00,12560.00,12560.00,1141.00,0.00,1
818360,MARUTI,1,"2025-07-16 15:04:00",12560.00,12561.00,12560.00,12560.00,1604.00,0.00,1
818361,MARUTI,1,"2025-07-16 15:05:00",12561.00,12568.00,12561.00,12563.00,2437.00,0.00,1
818362,MARUTI,1,"2025-07-16 15:06:00",12564.00,12564.00,12561.00,12561.00,662.00,0.00,1
818363,MARUTI,1,"2025-07-16 15:07:00",12562.00,12563.00,12561.00,12563.00,1032.00,0.00,1
818364,MARUTI,1,"2025-07-16 15:08:00",12563.00,12564.00,12563.00,12563.00,1119.00,0.00,1
818365,MARUTI,1,"2025-07-16 15:09:00",12564.00,12565.00,12563.00,12565.00,959.00,0.00,1
818366,MARUTI,1,"2025-07-16 15:10:00",12565.00,12566.00,12564.00,12565.00,1404.00,0.00,1
818367,MARUTI,1,"2025-07-16 15:11:00",12565.00,12566.00,12563.00,12564.00,1736.00,0.00,1
818368,MARUTI,1,"2025-07-16 15:12:00",12565.00,12565.00,12563.00,12563.00,1041.00,0.00,1
818369,MARUTI,1,"2025-07-16 15:13:00",12564.00,12564.00,12561.00,12563.00,1667.00,0.00,1
818370,MARUTI,1,"2025-07-16 15:14:00",12563.00,12564.00,12561.00,12562.00,1052.00,0.00,1
818371,MARUTI,1,"2025-07-16 15:15:00",12561.00,12562.00,12560.00,12560.00,1883.00,0.00,1
818372,MARUTI,1,"2025-07-16 15:16:00",12562.00,12563.00,12560.00,12563.00,1980.00,0.00,1
818373,MARUTI,1,"2025-07-16 15:17:00",12563.00,12564.00,12562.00,12563.00,1200.00,0.00,1
818374,MARUTI,1,"2025-07-16 15:18:00",12563.00,12565.00,12563.00,12565.00,2133.00,0.00,1
818375,MARUTI,1,"2025-07-16 15:19:00",12564.00,12566.00,12563.00,12565.00,1496.00,0.00,1
818376,MARUTI,1,"2025-07-16 15:20:00",12565.00,12567.00,12565.00,12566.00,1939.00,0.00,1
818377,MARUTI,1,"2025-07-16 15:21:00",12568.00,12568.00,12566.00,12567.00,1333.00,0.00,1
818378,MARUTI,1,"2025-07-16 15:22:00",12566.00,12568.00,12565.00,12566.00,1833.00,0.00,1
818379,MARUTI,1,"2025-07-16 15:23:00",12565.00,12566.00,12564.00,12565.00,1107.00,0.00,1
818380,MARUTI,1,"2025-07-16 15:24:00",12566.00,12567.00,12566.00,12567.00,2537.00,0.00,1
818381,MARUTI,1,"2025-07-16 15:25:00",12565.00,12565.00,12563.00,12565.00,1637.00,0.00,1
818382,MARUTI,1,"2025-07-16 15:26:00",12565.00,12565.00,12562.00,12564.00,1265.00,0.00,1
818383,MARUTI,1,"2025-07-16 15:27:00",12563.00,12564.00,12562.00,12563.00,1076.00,0.00,1
818384,MARUTI,1,"2025-07-16 15:28:00",12564.00,12564.00,12560.00,12563.00,1558.00,0.00,1
818385,MARUTI,1,"2025-07-16 15:29:00",12566.00,12569.00,12560.00,12569.00,635.00,0.00,1
818386,MARUTI,1,"2025-07-17 09:15:00",12569.00,12620.00,12555.00,12595.00,2364.00,0.00,1
818387,MARUTI,1,"2025-07-17 09:16:00",12593.00,12600.00,12593.00,12600.00,955.00,0.00,1
818388,MARUTI,1,"2025-07-17 09:17:00",12600.00,12627.00,12600.00,12617.00,1426.00,0.00,1
818389,MARUTI,1,"2025-07-17 09:18:00",12613.00,12614.00,12595.00,12595.00,667.00,0.00,1
818390,MARUTI,1,"2025-07-17 09:19:00",12590.00,12590.00,12576.00,12581.00,848.00,0.00,1
818391,MARUTI,1,"2025-07-17 09:20:00",12583.00,12584.00,12572.00,12580.00,438.00,0.00,1
818392,MARUTI,1,"2025-07-17 09:21:00",12581.00,12600.00,12581.00,12590.00,780.00,0.00,1
818393,MARUTI,1,"2025-07-17 09:22:00",12594.00,12603.00,12588.00,12603.00,869.00,0.00,1
818394,MARUTI,1,"2025-07-17 09:23:00",12603.00,12603.00,12594.00,12597.00,468.00,0.00,1
818395,MARUTI,1,"2025-07-17 09:24:00",12595.00,12600.00,12590.00,12590.00,366.00,0.00,1
818396,MARUTI,1,"2025-07-17 09:25:00",12593.00,12595.00,12590.00,12593.00,129.00,0.00,1
818397,MARUTI,1,"2025-07-17 09:26:00",12593.00,12594.00,12586.00,12587.00,404.00,0.00,1
818398,MARUTI,1,"2025-07-17 09:27:00",12591.00,12591.00,12573.00,12575.00,658.00,0.00,1
818399,MARUTI,1,"2025-07-17 09:28:00",12575.00,12580.00,12572.00,12580.00,482.00,0.00,1
818400,MARUTI,1,"2025-07-17 09:29:00",12580.00,12580.00,12577.00,12577.00,147.00,0.00,1
818401,MARUTI,1,"2025-07-17 09:30:00",12572.00,12577.00,12560.00,12560.00,1762.00,0.00,1
818402,MARUTI,1,"2025-07-17 09:31:00",12560.00,12563.00,12560.00,12560.00,267.00,0.00,1
818403,MARUTI,1,"2025-07-17 09:32:00",12558.00,12563.00,12555.00,12559.00,491.00,0.00,1
818404,MARUTI,1,"2025-07-17 09:33:00",12558.00,12562.00,12555.00,12555.00,210.00,0.00,1
818405,MARUTI,1,"2025-07-17 09:34:00",12555.00,12555.00,12543.00,12546.00,497.00,0.00,1
818406,MARUTI,1,"2025-07-17 09:35:00",12546.00,12546.00,12537.00,12540.00,212.00,0.00,1
818407,MARUTI,1,"2025-07-17 09:36:00",12542.00,12545.00,12541.00,12543.00,527.00,0.00,1
818408,MARUTI,1,"2025-07-17 09:37:00",12543.00,12550.00,12543.00,12550.00,226.00,0.00,1
818409,MARUTI,1,"2025-07-17 09:38:00",12547.00,12547.00,12542.00,12542.00,1043.00,0.00,1
818410,MARUTI,1,"2025-07-17 09:39:00",12542.00,12544.00,12534.00,12534.00,309.00,0.00,1
818411,MARUTI,1,"2025-07-17 09:40:00",12535.00,12541.00,12534.00,12539.00,245.00,0.00,1
818412,MARUTI,1,"2025-07-17 09:41:00",12537.00,12541.00,12537.00,12538.00,193.00,0.00,1
818413,MARUTI,1,"2025-07-17 09:42:00",12536.00,12553.00,12536.00,12548.00,389.00,0.00,1
818414,MARUTI,1,"2025-07-17 09:43:00",12548.00,12550.00,12542.00,12544.00,133.00,0.00,1
818415,MARUTI,1,"2025-07-17 09:44:00",12543.00,12552.00,12542.00,12548.00,894.00,0.00,1
818416,MARUTI,1,"2025-07-17 09:45:00",12548.00,12554.00,12548.00,12553.00,315.00,0.00,1
818417,MARUTI,1,"2025-07-17 09:46:00",12552.00,12568.00,12552.00,12562.00,577.00,0.00,1
818418,MARUTI,1,"2025-07-17 09:47:00",12560.00,12564.00,12560.00,12563.00,189.00,0.00,1
818419,MARUTI,1,"2025-07-17 09:48:00",12563.00,12566.00,12562.00,12566.00,274.00,0.00,1
818420,MARUTI,1,"2025-07-17 09:49:00",12566.00,12566.00,12558.00,12560.00,87.00,0.00,1
818421,MARUTI,1,"2025-07-17 09:50:00",12560.00,12562.00,12555.00,12562.00,299.00,0.00,1
818422,MARUTI,1,"2025-07-17 09:51:00",12562.00,12564.00,12560.00,12564.00,46.00,0.00,1
818423,MARUTI,1,"2025-07-17 09:52:00",12564.00,12566.00,12558.00,12560.00,198.00,0.00,1
818424,MARUTI,1,"2025-07-17 09:53:00",12562.00,12562.00,12560.00,12560.00,68.00,0.00,1
818425,MARUTI,1,"2025-07-17 09:54:00",12560.00,12565.00,12560.00,12561.00,63.00,0.00,1
818426,MARUTI,1,"2025-07-17 09:55:00",12561.00,12565.00,12561.00,12565.00,80.00,0.00,1
818427,MARUTI,1,"2025-07-17 09:56:00",12566.00,12567.00,12562.00,12562.00,191.00,0.00,1
818428,MARUTI,1,"2025-07-17 09:57:00",12562.00,12567.00,12561.00,12561.00,253.00,0.00,1
818429,MARUTI,1,"2025-07-17 09:58:00",12561.00,12562.00,12558.00,12562.00,382.00,0.00,1
818430,MARUTI,1,"2025-07-17 09:59:00",12565.00,12567.00,12563.00,12567.00,60.00,0.00,1
818431,MARUTI,1,"2025-07-17 10:00:00",12567.00,12579.00,12562.00,12579.00,631.00,0.00,1
818432,MARUTI,1,"2025-07-17 10:01:00",12579.00,12584.00,12579.00,12582.00,169.00,0.00,1
818433,MARUTI,1,"2025-07-17 10:02:00",12584.00,12584.00,12575.00,12577.00,286.00,0.00,1
818434,MARUTI,1,"2025-07-17 10:03:00",12577.00,12585.00,12577.00,12585.00,160.00,0.00,1
818435,MARUTI,1,"2025-07-17 10:04:00",12585.00,12585.00,12583.00,12585.00,289.00,0.00,1
818436,MARUTI,1,"2025-07-17 10:05:00",12584.00,12588.00,12582.00,12586.00,449.00,0.00,1
818437,MARUTI,1,"2025-07-17 10:06:00",12585.00,12597.00,12584.00,12596.00,1304.00,0.00,1
818438,MARUTI,1,"2025-07-17 10:07:00",12596.00,12596.00,12584.00,12586.00,485.00,0.00,1
818439,MARUTI,1,"2025-07-17 10:08:00",12586.00,12590.00,12585.00,12586.00,128.00,0.00,1
818440,MARUTI,1,"2025-07-17 10:09:00",12587.00,12587.00,12578.00,12578.00,316.00,0.00,1
818441,MARUTI,1,"2025-07-17 10:10:00",12578.00,12581.00,12578.00,12581.00,378.00,0.00,1
818442,MARUTI,1,"2025-07-17 10:11:00",12581.00,12589.00,12580.00,12585.00,382.00,0.00,1
818443,MARUTI,1,"2025-07-17 10:12:00",12588.00,12589.00,12585.00,12588.00,100.00,0.00,1
818444,MARUTI,1,"2025-07-17 10:13:00",12585.00,12591.00,12585.00,12588.00,321.00,0.00,1
818445,MARUTI,1,"2025-07-17 10:14:00",12588.00,12588.00,12580.00,12580.00,114.00,0.00,1
818446,MARUTI,1,"2025-07-17 10:15:00",12582.00,12590.00,12581.00,12585.00,616.00,0.00,1
818447,MARUTI,1,"2025-07-17 10:16:00",12585.00,12596.00,12584.00,12594.00,966.00,0.00,1
818448,MARUTI,1,"2025-07-17 10:17:00",12590.00,12590.00,12582.00,12582.00,293.00,0.00,1
818449,MARUTI,1,"2025-07-17 10:18:00",12582.00,12585.00,12567.00,12568.00,190.00,0.00,1
818450,MARUTI,1,"2025-07-17 10:19:00",12568.00,12572.00,12566.00,12572.00,269.00,0.00,1
818451,MARUTI,1,"2025-07-17 10:20:00",12572.00,12573.00,12570.00,12573.00,101.00,0.00,1
818452,MARUTI,1,"2025-07-17 10:21:00",12573.00,12575.00,12572.00,12573.00,115.00,0.00,1
818453,MARUTI,1,"2025-07-17 10:22:00",12573.00,12573.00,12566.00,12569.00,336.00,0.00,1
818454,MARUTI,1,"2025-07-17 10:23:00",12567.00,12569.00,12567.00,12568.00,73.00,0.00,1
818455,MARUTI,1,"2025-07-17 10:24:00",12568.00,12570.00,12567.00,12567.00,144.00,0.00,1
818456,MARUTI,1,"2025-07-17 10:25:00",12567.00,12573.00,12567.00,12572.00,332.00,0.00,1
818457,MARUTI,1,"2025-07-17 10:26:00",12573.00,12582.00,12573.00,12581.00,388.00,0.00,1
818458,MARUTI,1,"2025-07-17 10:27:00",12586.00,12586.00,12581.00,12581.00,197.00,0.00,1
818459,MARUTI,1,"2025-07-17 10:28:00",12581.00,12585.00,12576.00,12584.00,582.00,0.00,1
818460,MARUTI,1,"2025-07-17 10:29:00",12584.00,12584.00,12578.00,12578.00,53.00,0.00,1
818461,MARUTI,1,"2025-07-17 10:30:00",12581.00,12581.00,12577.00,12577.00,82.00,0.00,1
818462,MARUTI,1,"2025-07-17 10:31:00",12577.00,12581.00,12576.00,12580.00,91.00,0.00,1
818463,MARUTI,1,"2025-07-17 10:32:00",12575.00,12580.00,12571.00,12571.00,86.00,0.00,1
818464,MARUTI,1,"2025-07-17 10:33:00",12573.00,12578.00,12570.00,12578.00,231.00,0.00,1
818465,MARUTI,1,"2025-07-17 10:34:00",12578.00,12578.00,12571.00,12571.00,139.00,0.00,1
818466,MARUTI,1,"2025-07-17 10:35:00",12571.00,12571.00,12558.00,12561.00,466.00,0.00,1
818467,MARUTI,1,"2025-07-17 10:36:00",12561.00,12568.00,12558.00,12562.00,376.00,0.00,1
818468,MARUTI,1,"2025-07-17 10:37:00",12562.00,12568.00,12560.00,12568.00,79.00,0.00,1
818469,MARUTI,1,"2025-07-17 10:38:00",12568.00,12568.00,12564.00,12568.00,8452.00,0.00,1
818470,MARUTI,1,"2025-07-17 10:39:00",12568.00,12570.00,12561.00,12567.00,964.00,0.00,1
818471,MARUTI,1,"2025-07-17 10:40:00",12567.00,12567.00,12562.00,12563.00,340.00,0.00,1
818472,MARUTI,1,"2025-07-17 10:41:00",12563.00,12566.00,12563.00,12566.00,74.00,0.00,1
818473,MARUTI,1,"2025-07-17 10:42:00",12563.00,12566.00,12558.00,12558.00,1196.00,0.00,1
818474,MARUTI,1,"2025-07-17 10:43:00",12558.00,12564.00,12547.00,12564.00,1261.00,0.00,1
818475,MARUTI,1,"2025-07-17 10:44:00",12564.00,12566.00,12557.00,12560.00,103.00,0.00,1
818476,MARUTI,1,"2025-07-17 10:45:00",12560.00,12561.00,12550.00,12561.00,816.00,0.00,1
818477,MARUTI,1,"2025-07-17 10:46:00",12561.00,12567.00,12560.00,12560.00,499.00,0.00,1
818478,MARUTI,1,"2025-07-17 10:47:00",12560.00,12568.00,12558.00,12568.00,2022.00,0.00,1
818479,MARUTI,1,"2025-07-17 10:48:00",12565.00,12569.00,12563.00,12569.00,1652.00,0.00,1
818480,MARUTI,1,"2025-07-17 10:49:00",12569.00,12570.00,12566.00,12566.00,51.00,0.00,1
818481,MARUTI,1,"2025-07-17 10:50:00",12566.00,12568.00,12561.00,12561.00,126.00,0.00,1
818482,MARUTI,1,"2025-07-17 10:51:00",12563.00,12563.00,12552.00,12553.00,154.00,0.00,1
818483,MARUTI,1,"2025-07-17 10:52:00",12553.00,12553.00,12551.00,12553.00,155.00,0.00,1
818484,MARUTI,1,"2025-07-17 10:53:00",12553.00,12560.00,12552.00,12559.00,289.00,0.00,1
818485,MARUTI,1,"2025-07-17 10:54:00",12560.00,12560.00,12559.00,12560.00,17.00,0.00,1
818486,MARUTI,1,"2025-07-17 10:55:00",12560.00,12560.00,12556.00,12558.00,209.00,0.00,1
818487,MARUTI,1,"2025-07-17 10:56:00",12558.00,12558.00,12554.00,12557.00,169.00,0.00,1
818488,MARUTI,1,"2025-07-17 10:57:00",12557.00,12559.00,12554.00,12558.00,171.00,0.00,1
818489,MARUTI,1,"2025-07-17 10:58:00",12558.00,12558.00,12554.00,12558.00,98.00,0.00,1
818490,MARUTI,1,"2025-07-17 10:59:00",12558.00,12558.00,12554.00,12554.00,86.00,0.00,1
818491,MARUTI,1,"2025-07-17 11:00:00",12554.00,12560.00,12554.00,12558.00,202.00,0.00,1
818492,MARUTI,1,"2025-07-17 11:01:00",12558.00,12560.00,12557.00,12560.00,194.00,0.00,1
818493,MARUTI,1,"2025-07-17 11:02:00",12560.00,12560.00,12556.00,12560.00,146.00,0.00,1
818494,MARUTI,1,"2025-07-17 11:03:00",12557.00,12560.00,12556.00,12560.00,137.00,0.00,1
818495,MARUTI,1,"2025-07-17 11:04:00",12560.00,12560.00,12557.00,12560.00,106.00,0.00,1
818496,MARUTI,1,"2025-07-17 11:05:00",12560.00,12560.00,12557.00,12560.00,123.00,0.00,1
818497,MARUTI,1,"2025-07-17 11:06:00",12560.00,12562.00,12560.00,12562.00,199.00,0.00,1
818498,MARUTI,1,"2025-07-17 11:07:00",12562.00,12570.00,12560.00,12567.00,234.00,0.00,1
818499,MARUTI,1,"2025-07-17 11:08:00",12566.00,12569.00,12566.00,12568.00,175.00,0.00,1
818500,MARUTI,1,"2025-07-17 11:09:00",12568.00,12572.00,12566.00,12568.00,88.00,0.00,1
818501,MARUTI,1,"2025-07-17 11:10:00",12568.00,12573.00,12568.00,12570.00,160.00,0.00,1
818502,MARUTI,1,"2025-07-17 11:11:00",12568.00,12591.00,12568.00,12590.00,1198.00,0.00,1
818503,MARUTI,1,"2025-07-17 11:12:00",12591.00,12600.00,12590.00,12600.00,1677.00,0.00,1
818504,MARUTI,1,"2025-07-17 11:13:00",12600.00,12600.00,12581.00,12583.00,414.00,0.00,1
818505,MARUTI,1,"2025-07-17 11:14:00",12585.00,12586.00,12574.00,12579.00,270.00,0.00,1
818506,MARUTI,1,"2025-07-17 11:15:00",12573.00,12573.00,12562.00,12565.00,572.00,0.00,1
818507,MARUTI,1,"2025-07-17 11:16:00",12565.00,12565.00,12558.00,12561.00,261.00,0.00,1
818508,MARUTI,1,"2025-07-17 11:17:00",12561.00,12561.00,12558.00,12559.00,93.00,0.00,1
818509,MARUTI,1,"2025-07-17 11:18:00",12559.00,12560.00,12558.00,12559.00,146.00,0.00,1
818510,MARUTI,1,"2025-07-17 11:19:00",12559.00,12560.00,12559.00,12559.00,202.00,0.00,1
818511,MARUTI,1,"2025-07-17 11:20:00",12559.00,12561.00,12559.00,12560.00,106.00,0.00,1
818512,MARUTI,1,"2025-07-17 11:21:00",12561.00,12564.00,12559.00,12561.00,137.00,0.00,1
818513,MARUTI,1,"2025-07-17 11:22:00",12561.00,12567.00,12561.00,12564.00,298.00,0.00,1
818514,MARUTI,1,"2025-07-17 11:23:00",12564.00,12564.00,12561.00,12564.00,145.00,0.00,1
818515,MARUTI,1,"2025-07-17 11:24:00",12564.00,12565.00,12561.00,12561.00,147.00,0.00,1
818516,MARUTI,1,"2025-07-17 11:25:00",12561.00,12565.00,12561.00,12563.00,245.00,0.00,1
818517,MARUTI,1,"2025-07-17 11:26:00",12562.00,12565.00,12562.00,12563.00,288.00,0.00,1
818518,MARUTI,1,"2025-07-17 11:27:00",12563.00,12575.00,12562.00,12575.00,422.00,0.00,1
818519,MARUTI,1,"2025-07-17 11:28:00",12572.00,12573.00,12569.00,12569.00,39.00,0.00,1
818520,MARUTI,1,"2025-07-17 11:29:00",12569.00,12570.00,12569.00,12569.00,22.00,0.00,1
818521,MARUTI,1,"2025-07-17 11:30:00",12569.00,12570.00,12567.00,12567.00,139.00,0.00,1
818522,MARUTI,1,"2025-07-17 11:31:00",12567.00,12570.00,12567.00,12567.00,219.00,0.00,1
818523,MARUTI,1,"2025-07-17 11:32:00",12567.00,12569.00,12562.00,12562.00,137.00,0.00,1
818524,MARUTI,1,"2025-07-17 11:33:00",12562.00,12562.00,12560.00,12561.00,174.00,0.00,1
818525,MARUTI,1,"2025-07-17 11:34:00",12561.00,12561.00,12560.00,12560.00,138.00,0.00,1
818526,MARUTI,1,"2025-07-17 11:35:00",12560.00,12561.00,12560.00,12561.00,53.00,0.00,1
818527,MARUTI,1,"2025-07-17 11:36:00",12561.00,12565.00,12558.00,12565.00,399.00,0.00,1
818528,MARUTI,1,"2025-07-17 11:37:00",12565.00,12569.00,12564.00,12569.00,92.00,0.00,1
818529,MARUTI,1,"2025-07-17 11:38:00",12569.00,12569.00,12563.00,12563.00,139.00,0.00,1
818530,MARUTI,1,"2025-07-17 11:39:00",12563.00,12567.00,12561.00,12563.00,127.00,0.00,1
818531,MARUTI,1,"2025-07-17 11:40:00",12563.00,12569.00,12560.00,12567.00,510.00,0.00,1
818532,MARUTI,1,"2025-07-17 11:41:00",12567.00,12568.00,12563.00,12565.00,171.00,0.00,1
818533,MARUTI,1,"2025-07-17 11:42:00",12565.00,12565.00,12560.00,12561.00,89.00,0.00,1
818534,MARUTI,1,"2025-07-17 11:43:00",12560.00,12561.00,12555.00,12560.00,763.00,0.00,1
818535,MARUTI,1,"2025-07-17 11:44:00",12559.00,12562.00,12558.00,12562.00,200.00,0.00,1
818536,MARUTI,1,"2025-07-17 11:45:00",12562.00,12563.00,12557.00,12563.00,168.00,0.00,1
818537,MARUTI,1,"2025-07-17 11:46:00",12563.00,12563.00,12557.00,12558.00,86.00,0.00,1
818538,MARUTI,1,"2025-07-17 11:47:00",12558.00,12558.00,12554.00,12554.00,1058.00,0.00,1
818539,MARUTI,1,"2025-07-17 11:48:00",12554.00,12558.00,12553.00,12558.00,206.00,0.00,1
818540,MARUTI,1,"2025-07-17 11:49:00",12558.00,12558.00,12557.00,12558.00,98.00,0.00,1
818541,MARUTI,1,"2025-07-17 11:50:00",12558.00,12558.00,12553.00,12558.00,183.00,0.00,1
818542,MARUTI,1,"2025-07-17 11:51:00",12558.00,12558.00,12552.00,12558.00,275.00,0.00,1
818543,MARUTI,1,"2025-07-17 11:52:00",12558.00,12558.00,12554.00,12555.00,94.00,0.00,1
818544,MARUTI,1,"2025-07-17 11:53:00",12552.00,12558.00,12551.00,12555.00,210.00,0.00,1
818545,MARUTI,1,"2025-07-17 11:54:00",12555.00,12562.00,12555.00,12562.00,279.00,0.00,1
818546,MARUTI,1,"2025-07-17 11:55:00",12562.00,12562.00,12557.00,12561.00,76.00,0.00,1
818547,MARUTI,1,"2025-07-17 11:56:00",12561.00,12561.00,12556.00,12557.00,233.00,0.00,1
818548,MARUTI,1,"2025-07-17 11:57:00",12557.00,12561.00,12555.00,12561.00,133.00,0.00,1
818549,MARUTI,1,"2025-07-17 11:58:00",12559.00,12571.00,12559.00,12571.00,290.00,0.00,1
818550,MARUTI,1,"2025-07-17 11:59:00",12571.00,12571.00,12569.00,12571.00,98.00,0.00,1
818551,MARUTI,1,"2025-07-17 12:00:00",12571.00,12577.00,12570.00,12577.00,1631.00,0.00,1
818552,MARUTI,1,"2025-07-17 12:01:00",12578.00,12578.00,12574.00,12578.00,233.00,0.00,1
818553,MARUTI,1,"2025-07-17 12:02:00",12580.00,12580.00,12574.00,12574.00,342.00,0.00,1
818554,MARUTI,1,"2025-07-17 12:03:00",12574.00,12576.00,12572.00,12573.00,107.00,0.00,1
818555,MARUTI,1,"2025-07-17 12:04:00",12573.00,12576.00,12573.00,12575.00,720.00,0.00,1
818556,MARUTI,1,"2025-07-17 12:05:00",12576.00,12576.00,12566.00,12566.00,211.00,0.00,1
818557,MARUTI,1,"2025-07-17 12:06:00",12566.00,12566.00,12562.00,12564.00,224.00,0.00,1
818558,MARUTI,1,"2025-07-17 12:07:00",12564.00,12565.00,12562.00,12563.00,188.00,0.00,1
818559,MARUTI,1,"2025-07-17 12:08:00",12563.00,12564.00,12556.00,12556.00,176.00,0.00,1
818560,MARUTI,1,"2025-07-17 12:09:00",12556.00,12557.00,12554.00,12556.00,321.00,0.00,1
818561,MARUTI,1,"2025-07-17 12:10:00",12556.00,12559.00,12556.00,12557.00,112.00,0.00,1
818562,MARUTI,1,"2025-07-17 12:11:00",12557.00,12558.00,12556.00,12558.00,106.00,0.00,1
818563,MARUTI,1,"2025-07-17 12:12:00",12558.00,12561.00,12558.00,12560.00,150.00,0.00,1
818564,MARUTI,1,"2025-07-17 12:13:00",12560.00,12561.00,12557.00,12559.00,196.00,0.00,1
818565,MARUTI,1,"2025-07-17 12:14:00",12559.00,12559.00,12551.00,12553.00,186.00,0.00,1
818566,MARUTI,1,"2025-07-17 12:15:00",12553.00,12558.00,12551.00,12558.00,388.00,0.00,1
818567,MARUTI,1,"2025-07-17 12:16:00",12558.00,12559.00,12557.00,12558.00,130.00,0.00,1
818568,MARUTI,1,"2025-07-17 12:17:00",12558.00,12560.00,12551.00,12560.00,386.00,0.00,1
818569,MARUTI,1,"2025-07-17 12:18:00",12559.00,12562.00,12559.00,12562.00,153.00,0.00,1
818570,MARUTI,1,"2025-07-17 12:19:00",12562.00,12563.00,12560.00,12563.00,208.00,0.00,1
818571,MARUTI,1,"2025-07-17 12:20:00",12563.00,12564.00,12561.00,12561.00,357.00,0.00,1
818572,MARUTI,1,"2025-07-17 12:21:00",12560.00,12568.00,12560.00,12568.00,376.00,0.00,1
818573,MARUTI,1,"2025-07-17 12:22:00",12568.00,12568.00,12563.00,12564.00,258.00,0.00,1
818574,MARUTI,1,"2025-07-17 12:23:00",12564.00,12566.00,12561.00,12566.00,127.00,0.00,1
818575,MARUTI,1,"2025-07-17 12:24:00",12566.00,12567.00,12564.00,12567.00,102.00,0.00,1
818576,MARUTI,1,"2025-07-17 12:25:00",12564.00,12567.00,12563.00,12567.00,100.00,0.00,1
818577,MARUTI,1,"2025-07-17 12:26:00",12567.00,12569.00,12566.00,12569.00,165.00,0.00,1
818578,MARUTI,1,"2025-07-17 12:27:00",12569.00,12577.00,12569.00,12575.00,372.00,0.00,1
818579,MARUTI,1,"2025-07-17 12:28:00",12577.00,12578.00,12572.00,12572.00,179.00,0.00,1
818580,MARUTI,1,"2025-07-17 12:29:00",12572.00,12574.00,12570.00,12571.00,171.00,0.00,1
818581,MARUTI,1,"2025-07-17 12:30:00",12570.00,12572.00,12566.00,12566.00,143.00,0.00,1
818582,MARUTI,1,"2025-07-17 12:31:00",12566.00,12570.00,12565.00,12570.00,306.00,0.00,1
818583,MARUTI,1,"2025-07-17 12:32:00",12570.00,12570.00,12566.00,12567.00,120.00,0.00,1
818584,MARUTI,1,"2025-07-17 12:33:00",12568.00,12577.00,12565.00,12576.00,384.00,0.00,1
818585,MARUTI,1,"2025-07-17 12:34:00",12578.00,12578.00,12571.00,12576.00,476.00,0.00,1
818586,MARUTI,1,"2025-07-17 12:35:00",12575.00,12576.00,12575.00,12575.00,85.00,0.00,1
818587,MARUTI,1,"2025-07-17 12:36:00",12576.00,12576.00,12570.00,12573.00,142.00,0.00,1
818588,MARUTI,1,"2025-07-17 12:37:00",12573.00,12574.00,12570.00,12571.00,95.00,0.00,1
818589,MARUTI,1,"2025-07-17 12:38:00",12571.00,12572.00,12570.00,12570.00,59.00,0.00,1
818590,MARUTI,1,"2025-07-17 12:39:00",12571.00,12571.00,12560.00,12564.00,694.00,0.00,1
818591,MARUTI,1,"2025-07-17 12:40:00",12564.00,12565.00,12564.00,12565.00,94.00,0.00,1
818592,MARUTI,1,"2025-07-17 12:41:00",12564.00,12565.00,12564.00,12564.00,70.00,0.00,1
818593,MARUTI,1,"2025-07-17 12:42:00",12565.00,12572.00,12563.00,12570.00,334.00,0.00,1
818594,MARUTI,1,"2025-07-17 12:43:00",12572.00,12572.00,12568.00,12572.00,912.00,0.00,1
818595,MARUTI,1,"2025-07-17 12:44:00",12572.00,12572.00,12561.00,12561.00,74.00,0.00,1
818596,MARUTI,1,"2025-07-17 12:45:00",12561.00,12563.00,12560.00,12561.00,260.00,0.00,1
818597,MARUTI,1,"2025-07-17 12:46:00",12562.00,12567.00,12562.00,12562.00,160.00,0.00,1
818598,MARUTI,1,"2025-07-17 12:47:00",12562.00,12563.00,12562.00,12562.00,41.00,0.00,1
818599,MARUTI,1,"2025-07-17 12:48:00",12562.00,12563.00,12552.00,12553.00,573.00,0.00,1
818600,MARUTI,1,"2025-07-17 12:49:00",12553.00,12560.00,12550.00,12557.00,257.00,0.00,1
818601,MARUTI,1,"2025-07-17 12:50:00",12556.00,12558.00,12556.00,12557.00,107.00,0.00,1
818602,MARUTI,1,"2025-07-17 12:51:00",12556.00,12560.00,12556.00,12559.00,63.00,0.00,1
818603,MARUTI,1,"2025-07-17 12:52:00",12559.00,12564.00,12551.00,12556.00,1085.00,0.00,1
818604,MARUTI,1,"2025-07-17 12:53:00",12556.00,12559.00,12549.00,12550.00,3054.00,0.00,1
818605,MARUTI,1,"2025-07-17 12:54:00",12549.00,12550.00,12548.00,12550.00,349.00,0.00,1
818606,MARUTI,1,"2025-07-17 12:55:00",12550.00,12550.00,12546.00,12549.00,231.00,0.00,1
818607,MARUTI,1,"2025-07-17 12:56:00",12549.00,12549.00,12546.00,12546.00,510.00,0.00,1
818608,MARUTI,1,"2025-07-17 12:57:00",12546.00,12547.00,12540.00,12540.00,353.00,0.00,1
818609,MARUTI,1,"2025-07-17 12:58:00",12542.00,12543.00,12540.00,12543.00,186.00,0.00,1
818610,MARUTI,1,"2025-07-17 12:59:00",12543.00,12546.00,12542.00,12546.00,354.00,0.00,1
818611,MARUTI,1,"2025-07-17 13:00:00",12546.00,12548.00,12545.00,12547.00,124.00,0.00,1
818612,MARUTI,1,"2025-07-17 13:01:00",12547.00,12550.00,12545.00,12547.00,236.00,0.00,1
818613,MARUTI,1,"2025-07-17 13:02:00",12547.00,12548.00,12546.00,12548.00,103.00,0.00,1
818614,MARUTI,1,"2025-07-17 13:03:00",12548.00,12549.00,12546.00,12546.00,184.00,0.00,1
818615,MARUTI,1,"2025-07-17 13:04:00",12547.00,12547.00,12545.00,12546.00,156.00,0.00,1
818616,MARUTI,1,"2025-07-17 13:05:00",12543.00,12544.00,12536.00,12539.00,826.00,0.00,1
818617,MARUTI,1,"2025-07-17 13:06:00",12539.00,12539.00,12535.00,12537.00,210.00,0.00,1
818618,MARUTI,1,"2025-07-17 13:07:00",12537.00,12544.00,12537.00,12543.00,477.00,0.00,1
818619,MARUTI,1,"2025-07-17 13:08:00",12543.00,12544.00,12542.00,12542.00,115.00,0.00,1
818620,MARUTI,1,"2025-07-17 13:09:00",12542.00,12546.00,12542.00,12546.00,169.00,0.00,1
818621,MARUTI,1,"2025-07-17 13:10:00",12545.00,12550.00,12545.00,12549.00,382.00,0.00,1
818622,MARUTI,1,"2025-07-17 13:11:00",12549.00,12550.00,12547.00,12549.00,233.00,0.00,1
818623,MARUTI,1,"2025-07-17 13:12:00",12550.00,12550.00,12548.00,12548.00,283.00,0.00,1
818624,MARUTI,1,"2025-07-17 13:13:00",12549.00,12550.00,12548.00,12548.00,173.00,0.00,1
818625,MARUTI,1,"2025-07-17 13:14:00",12549.00,12550.00,12540.00,12540.00,826.00,0.00,1
818626,MARUTI,1,"2025-07-17 13:15:00",12543.00,12543.00,12536.00,12537.00,511.00,0.00,1
818627,MARUTI,1,"2025-07-17 13:16:00",12536.00,12542.00,12535.00,12535.00,529.00,0.00,1
818628,MARUTI,1,"2025-07-17 13:17:00",12539.00,12547.00,12539.00,12545.00,1304.00,0.00,1
818629,MARUTI,1,"2025-07-17 13:18:00",12545.00,12553.00,12540.00,12545.00,629.00,0.00,1
818630,MARUTI,1,"2025-07-17 13:19:00",12541.00,12547.00,12540.00,12543.00,136.00,0.00,1
818631,MARUTI,1,"2025-07-17 13:20:00",12541.00,12547.00,12538.00,12539.00,187.00,0.00,1
818632,MARUTI,1,"2025-07-17 13:21:00",12539.00,12542.00,12538.00,12541.00,153.00,0.00,1
818633,MARUTI,1,"2025-07-17 13:22:00",12541.00,12543.00,12540.00,12543.00,303.00,0.00,1
818634,MARUTI,1,"2025-07-17 13:23:00",12544.00,12546.00,12535.00,12537.00,424.00,0.00,1
818635,MARUTI,1,"2025-07-17 13:24:00",12540.00,12541.00,12536.00,12538.00,276.00,0.00,1
818636,MARUTI,1,"2025-07-17 13:25:00",12538.00,12543.00,12538.00,12542.00,201.00,0.00,1
818637,MARUTI,1,"2025-07-17 13:26:00",12542.00,12542.00,12537.00,12538.00,249.00,0.00,1
818638,MARUTI,1,"2025-07-17 13:27:00",12538.00,12540.00,12537.00,12539.00,412.00,0.00,1
818639,MARUTI,1,"2025-07-17 13:28:00",12539.00,12541.00,12536.00,12538.00,531.00,0.00,1
818640,MARUTI,1,"2025-07-17 13:29:00",12538.00,12542.00,12538.00,12542.00,318.00,0.00,1
818641,MARUTI,1,"2025-07-17 13:30:00",12542.00,12542.00,12538.00,12538.00,284.00,0.00,1
818642,MARUTI,1,"2025-07-17 13:31:00",12539.00,12539.00,12537.00,12537.00,433.00,0.00,1
818643,MARUTI,1,"2025-07-17 13:32:00",12537.00,12538.00,12534.00,12535.00,521.00,0.00,1
818644,MARUTI,1,"2025-07-17 13:33:00",12536.00,12538.00,12535.00,12535.00,151.00,0.00,1
818645,MARUTI,1,"2025-07-17 13:34:00",12536.00,12536.00,12535.00,12535.00,300.00,0.00,1
818646,MARUTI,1,"2025-07-17 13:35:00",12535.00,12537.00,12535.00,12536.00,409.00,0.00,1
818647,MARUTI,1,"2025-07-17 13:36:00",12535.00,12537.00,12535.00,12535.00,206.00,0.00,1
818648,MARUTI,1,"2025-07-17 13:37:00",12535.00,12537.00,12535.00,12537.00,66.00,0.00,1
818649,MARUTI,1,"2025-07-17 13:38:00",12538.00,12538.00,12522.00,12525.00,2213.00,0.00,1
818650,MARUTI,1,"2025-07-17 13:39:00",12524.00,12529.00,12516.00,12528.00,898.00,0.00,1
818651,MARUTI,1,"2025-07-17 13:40:00",12528.00,12531.00,12528.00,12529.00,244.00,0.00,1
818652,MARUTI,1,"2025-07-17 13:41:00",12529.00,12530.00,12525.00,12526.00,194.00,0.00,1
818653,MARUTI,1,"2025-07-17 13:42:00",12526.00,12526.00,12521.00,12521.00,900.00,0.00,1
818654,MARUTI,1,"2025-07-17 13:43:00",12520.00,12523.00,12520.00,12521.00,895.00,0.00,1
818655,MARUTI,1,"2025-07-17 13:44:00",12521.00,12522.00,12521.00,12521.00,421.00,0.00,1
818656,MARUTI,1,"2025-07-17 13:45:00",12521.00,12523.00,12520.00,12522.00,361.00,0.00,1
818657,MARUTI,1,"2025-07-17 13:46:00",12521.00,12522.00,12519.00,12521.00,319.00,0.00,1
818658,MARUTI,1,"2025-07-17 13:47:00",12520.00,12520.00,12510.00,12512.00,668.00,0.00,1
818659,MARUTI,1,"2025-07-17 13:48:00",12512.00,12513.00,12510.00,12510.00,323.00,0.00,1
818660,MARUTI,1,"2025-07-17 13:49:00",12510.00,12514.00,12510.00,12512.00,1014.00,0.00,1
818661,MARUTI,1,"2025-07-17 13:50:00",12512.00,12513.00,12508.00,12513.00,468.00,0.00,1
818662,MARUTI,1,"2025-07-17 13:51:00",12509.00,12513.00,12507.00,12511.00,269.00,0.00,1
818663,MARUTI,1,"2025-07-17 13:52:00",12512.00,12523.00,12512.00,12522.00,971.00,0.00,1
818664,MARUTI,1,"2025-07-17 13:53:00",12518.00,12523.00,12518.00,12519.00,2670.00,0.00,1
818665,MARUTI,1,"2025-07-17 13:54:00",12519.00,12521.00,12511.00,12513.00,460.00,0.00,1
818666,MARUTI,1,"2025-07-17 13:55:00",12513.00,12515.00,12511.00,12513.00,186.00,0.00,1
818667,MARUTI,1,"2025-07-17 13:56:00",12513.00,12513.00,12510.00,12511.00,91.00,0.00,1
818668,MARUTI,1,"2025-07-17 13:57:00",12510.00,12512.00,12509.00,12510.00,510.00,0.00,1
818669,MARUTI,1,"2025-07-17 13:58:00",12510.00,12512.00,12507.00,12507.00,409.00,0.00,1
818670,MARUTI,1,"2025-07-17 13:59:00",12507.00,12510.00,12507.00,12507.00,331.00,0.00,1
818671,MARUTI,1,"2025-07-17 14:00:00",12507.00,12511.00,12501.00,12501.00,472.00,0.00,1
818672,MARUTI,1,"2025-07-17 14:01:00",12501.00,12506.00,12501.00,12505.00,185.00,0.00,1
818673,MARUTI,1,"2025-07-17 14:02:00",12506.00,12507.00,12504.00,12505.00,148.00,0.00,1
818674,MARUTI,1,"2025-07-17 14:03:00",12505.00,12506.00,12504.00,12504.00,267.00,0.00,1
818675,MARUTI,1,"2025-07-17 14:04:00",12505.00,12505.00,12501.00,12502.00,214.00,0.00,1
818676,MARUTI,1,"2025-07-17 14:05:00",12504.00,12506.00,12503.00,12506.00,203.00,0.00,1
818677,MARUTI,1,"2025-07-17 14:06:00",12506.00,12506.00,12505.00,12505.00,172.00,0.00,1
818678,MARUTI,1,"2025-07-17 14:07:00",12506.00,12506.00,12501.00,12504.00,484.00,0.00,1
818679,MARUTI,1,"2025-07-17 14:08:00",12504.00,12507.00,12501.00,12501.00,577.00,0.00,1
818680,MARUTI,1,"2025-07-17 14:09:00",12501.00,12504.00,12501.00,12503.00,234.00,0.00,1
818681,MARUTI,1,"2025-07-17 14:10:00",12503.00,12505.00,12502.00,12504.00,158.00,0.00,1
818682,MARUTI,1,"2025-07-17 14:11:00",12503.00,12504.00,12490.00,12492.00,2152.00,0.00,1
818683,MARUTI,1,"2025-07-17 14:12:00",12492.00,12493.00,12489.00,12493.00,491.00,0.00,1
818684,MARUTI,1,"2025-07-17 14:13:00",12492.00,12504.00,12492.00,12499.00,658.00,0.00,1
818685,MARUTI,1,"2025-07-17 14:14:00",12500.00,12503.00,12499.00,12501.00,205.00,0.00,1
818686,MARUTI,1,"2025-07-17 14:15:00",12501.00,12501.00,12491.00,12497.00,425.00,0.00,1
818687,MARUTI,1,"2025-07-17 14:16:00",12497.00,12497.00,12492.00,12495.00,130.00,0.00,1
818688,MARUTI,1,"2025-07-17 14:17:00",12494.00,12495.00,12492.00,12495.00,61.00,0.00,1
818689,MARUTI,1,"2025-07-17 14:18:00",12495.00,12496.00,12491.00,12496.00,47.00,0.00,1
818690,MARUTI,1,"2025-07-17 14:19:00",12496.00,12496.00,12490.00,12491.00,182.00,0.00,1
818691,MARUTI,1,"2025-07-17 14:20:00",12490.00,12495.00,12490.00,12494.00,411.00,0.00,1
818692,MARUTI,1,"2025-07-17 14:21:00",12494.00,12498.00,12493.00,12497.00,457.00,0.00,1
818693,MARUTI,1,"2025-07-17 14:22:00",12497.00,12507.00,12497.00,12507.00,166.00,0.00,1
818694,MARUTI,1,"2025-07-17 14:23:00",12503.00,12503.00,12500.00,12502.00,379.00,0.00,1
818695,MARUTI,1,"2025-07-17 14:24:00",12501.00,12502.00,12501.00,12502.00,48.00,0.00,1
818696,MARUTI,1,"2025-07-17 14:25:00",12501.00,12503.00,12496.00,12501.00,230.00,0.00,1
818697,MARUTI,1,"2025-07-17 14:26:00",12501.00,12501.00,12497.00,12501.00,168.00,0.00,1
818698,MARUTI,1,"2025-07-17 14:27:00",12501.00,12501.00,12500.00,12501.00,157.00,0.00,1
818699,MARUTI,1,"2025-07-17 14:28:00",12501.00,12502.00,12495.00,12496.00,405.00,0.00,1
818700,MARUTI,1,"2025-07-17 14:29:00",12495.00,12496.00,12490.00,12490.00,213.00,0.00,1
818701,MARUTI,1,"2025-07-17 14:30:00",12488.00,12488.00,12482.00,12488.00,733.00,0.00,1
818702,MARUTI,1,"2025-07-17 14:31:00",12488.00,12491.00,12488.00,12490.00,210.00,0.00,1
818703,MARUTI,1,"2025-07-17 14:32:00",12490.00,12493.00,12485.00,12491.00,976.00,0.00,1
818704,MARUTI,1,"2025-07-17 14:33:00",12491.00,12499.00,12489.00,12494.00,1018.00,0.00,1
818705,MARUTI,1,"2025-07-17 14:34:00",12494.00,12495.00,12491.00,12492.00,74.00,0.00,1
818706,MARUTI,1,"2025-07-17 14:35:00",12493.00,12498.00,12491.00,12492.00,703.00,0.00,1
818707,MARUTI,1,"2025-07-17 14:36:00",12492.00,12492.00,12491.00,12492.00,176.00,0.00,1
818708,MARUTI,1,"2025-07-17 14:37:00",12492.00,12493.00,12491.00,12492.00,108.00,0.00,1
818709,MARUTI,1,"2025-07-17 14:38:00",12492.00,12496.00,12491.00,12495.00,281.00,0.00,1
818710,MARUTI,1,"2025-07-17 14:39:00",12495.00,12495.00,12494.00,12495.00,55.00,0.00,1
818711,MARUTI,1,"2025-07-17 14:40:00",12495.00,12495.00,12491.00,12492.00,298.00,0.00,1
818712,MARUTI,1,"2025-07-17 14:41:00",12492.00,12492.00,12489.00,12491.00,161.00,0.00,1
818713,MARUTI,1,"2025-07-17 14:42:00",12491.00,12491.00,12490.00,12490.00,124.00,0.00,1
818714,MARUTI,1,"2025-07-17 14:43:00",12490.00,12494.00,12490.00,12492.00,246.00,0.00,1
818715,MARUTI,1,"2025-07-17 14:44:00",12492.00,12492.00,12491.00,12491.00,150.00,0.00,1
818716,MARUTI,1,"2025-07-17 14:45:00",12492.00,12493.00,12491.00,12493.00,256.00,0.00,1
818717,MARUTI,1,"2025-07-17 14:46:00",12493.00,12493.00,12485.00,12487.00,303.00,0.00,1
818718,MARUTI,1,"2025-07-17 14:47:00",12487.00,12490.00,12482.00,12488.00,1032.00,0.00,1
818719,MARUTI,1,"2025-07-17 14:48:00",12488.00,12488.00,12479.00,12482.00,621.00,0.00,1
818720,MARUTI,1,"2025-07-17 14:49:00",12482.00,12483.00,12480.00,12483.00,368.00,0.00,1
818721,MARUTI,1,"2025-07-17 14:50:00",12483.00,12483.00,12479.00,12480.00,305.00,0.00,1
818722,MARUTI,1,"2025-07-17 14:51:00",12480.00,12480.00,12472.00,12476.00,774.00,0.00,1
818723,MARUTI,1,"2025-07-17 14:52:00",12475.00,12476.00,12474.00,12474.00,328.00,0.00,1
818724,MARUTI,1,"2025-07-17 14:53:00",12474.00,12479.00,12474.00,12479.00,627.00,0.00,1
818725,MARUTI,1,"2025-07-17 14:54:00",12478.00,12487.00,12474.00,12484.00,522.00,0.00,1
818726,MARUTI,1,"2025-07-17 14:55:00",12484.00,12484.00,12480.00,12481.00,151.00,0.00,1
818727,MARUTI,1,"2025-07-17 14:56:00",12481.00,12484.00,12479.00,12482.00,1025.00,0.00,1
818728,MARUTI,1,"2025-07-17 14:57:00",12482.00,12489.00,12481.00,12489.00,790.00,0.00,1
818729,MARUTI,1,"2025-07-17 14:58:00",12487.00,12489.00,12487.00,12488.00,190.00,0.00,1
818730,MARUTI,1,"2025-07-17 14:59:00",12487.00,12487.00,12477.00,12480.00,969.00,0.00,1
818731,MARUTI,1,"2025-07-17 15:00:00",12484.00,12485.00,12473.00,12476.00,1419.00,0.00,1
818732,MARUTI,1,"2025-07-17 15:01:00",12476.00,12477.00,12470.00,12474.00,1466.00,0.00,1
818733,MARUTI,1,"2025-07-17 15:02:00",12474.00,12474.00,12471.00,12471.00,633.00,0.00,1
818734,MARUTI,1,"2025-07-17 15:03:00",12471.00,12473.00,12467.00,12471.00,1576.00,0.00,1
818735,MARUTI,1,"2025-07-17 15:04:00",12471.00,12474.00,12471.00,12474.00,515.00,0.00,1
818736,MARUTI,1,"2025-07-17 15:05:00",12477.00,12480.00,12477.00,12477.00,1458.00,0.00,1
818737,MARUTI,1,"2025-07-17 15:06:00",12478.00,12478.00,12474.00,12475.00,1822.00,0.00,1
818738,MARUTI,1,"2025-07-17 15:07:00",12476.00,12479.00,12475.00,12477.00,1525.00,0.00,1
818739,MARUTI,1,"2025-07-17 15:08:00",12476.00,12480.00,12475.00,12479.00,2062.00,0.00,1
818740,MARUTI,1,"2025-07-17 15:09:00",12479.00,12482.00,12478.00,12481.00,860.00,0.00,1
818741,MARUTI,1,"2025-07-17 15:10:00",12480.00,12480.00,12475.00,12476.00,1545.00,0.00,1
818742,MARUTI,1,"2025-07-17 15:11:00",12476.00,12480.00,12476.00,12477.00,1513.00,0.00,1
818743,MARUTI,1,"2025-07-17 15:12:00",12477.00,12479.00,12477.00,12478.00,920.00,0.00,1
818744,MARUTI,1,"2025-07-17 15:13:00",12477.00,12480.00,12477.00,12479.00,1605.00,0.00,1
818745,MARUTI,1,"2025-07-17 15:14:00",12479.00,12480.00,12476.00,12476.00,1830.00,0.00,1
818746,MARUTI,1,"2025-07-17 15:15:00",12476.00,12479.00,12476.00,12477.00,2290.00,0.00,1
818747,MARUTI,1,"2025-07-17 15:16:00",12478.00,12478.00,12474.00,12476.00,1916.00,0.00,1
818748,MARUTI,1,"2025-07-17 15:17:00",12477.00,12478.00,12476.00,12476.00,1553.00,0.00,1
818749,MARUTI,1,"2025-07-17 15:18:00",12476.00,12479.00,12463.00,12477.00,3413.00,0.00,1
818750,MARUTI,1,"2025-07-17 15:19:00",12477.00,12479.00,12476.00,12477.00,1839.00,0.00,1
818751,MARUTI,1,"2025-07-17 15:20:00",12477.00,12477.00,12470.00,12473.00,3193.00,0.00,1
818752,MARUTI,1,"2025-07-17 15:21:00",12473.00,12473.00,12470.00,12470.00,1256.00,0.00,1
818753,MARUTI,1,"2025-07-17 15:22:00",12471.00,12473.00,12470.00,12473.00,1524.00,0.00,1
818754,MARUTI,1,"2025-07-17 15:23:00",12472.00,12473.00,12466.00,12468.00,2964.00,0.00,1
818755,MARUTI,1,"2025-07-17 15:24:00",12467.00,12472.00,12467.00,12471.00,1691.00,0.00,1
818756,MARUTI,1,"2025-07-17 15:25:00",12471.00,12485.00,12470.00,12476.00,1670.00,0.00,1
818757,MARUTI,1,"2025-07-17 15:26:00",12477.00,12482.00,12477.00,12478.00,931.00,0.00,1
818758,MARUTI,1,"2025-07-17 15:27:00",12481.00,12487.00,12480.00,12482.00,1699.00,0.00,1
818759,MARUTI,1,"2025-07-17 15:28:00",12489.00,12489.00,12479.00,12479.00,2118.00,0.00,1
818760,MARUTI,1,"2025-07-17 15:29:00",12490.00,12495.00,12480.00,12492.00,1105.00,0.00,1
