fast,slow,sharpe,max_dd,trades,win%
240,280,0.0049,1.1231,94,48.9
760,2520,0.0043,1.4147,17,47.1
200,560,0.0039,1.1751,66,43.9
240,320,0.0038,1.034,88,44.3
200,520,0.0031,1.3122,68,42.6
440,640,0.003,1.9283,44,43.2
200,320,0.0029,0.986,97,45.4
240,520,0.0024,1.0361,61,47.5
640,2480,0.0023,1.2846,19,47.4
400,680,0.0023,1.9217,45,40.0
240,560,0.0022,1.2531,59,45.8
200,280,0.0022,1.067,101,46.5
720,2520,0.0022,1.4267,19,42.1
440,680,0.0021,1.9362,43,44.2
440,600,0.0021,1.9065,46,41.3
360,640,0.0021,1.8748,46,47.8
640,2400,0.002,1.2871,19,47.4
320,680,0.0019,1.8556,49,44.9
360,680,0.0019,1.875,46,43.5
280,320,0.0018,1.0765,83,42.2
760,2480,0.0018,1.4264,17,35.3
200,600,0.0017,1.3449,65,44.6
400,600,0.0017,1.8888,48,39.6
720,2480,0.0017,1.4986,18,38.9
400,640,0.0016,1.9195,45,40.0
720,1640,0.0016,1.0427,19,42.1
640,2440,0.0016,1.335,19,47.4
360,600,0.0016,1.8648,51,43.1
720,1560,0.0014,1.136,23,43.5
400,720,0.0013,1.9195,44,43.2
600,2480,0.0013,1.2705,20,45.0
480,600,0.0013,1.2673,45,40.0
480,640,0.0013,1.9437,43,41.9
280,360,0.0011,1.4521,77,41.6
720,1600,0.0011,1.2097,21,42.9
320,760,0.001,1.8696,49,42.9
680,1600,0.001,1.1873,23,43.5
520,560,0.001,1.2906,45,42.2
360,760,0.0009,1.9094,47,40.4
680,2520,0.0009,1.6422,18,38.9
680,2480,0.0009,1.5464,18,38.9
680,1560,0.0009,1.1782,23,43.5
520,640,0.0009,1.9363,43,41.9
680,1640,0.0009,1.0762,23,39.1
240,440,0.0008,1.9633,68,41.2
600,2440,0.0008,1.3339,20,45.0
480,680,0.0008,1.9628,43,41.9
200,440,0.0007,1.8146,73,43.8
680,1760,0.0007,1.1068,20,40.0
640,1600,0.0007,1.2463,25,36.0
320,720,0.0007,1.8667,49,42.9
680,1720,0.0006,1.1416,20,40.0
720,2440,0.0006,1.5538,18,38.9
680,1680,0.0006,1.0796,21,42.9
360,720,0.0005,1.8865,46,37.0
440,720,0.0004,1.9181,44,38.6
640,1640,0.0004,1.2436,25,36.0
720,1520,0.0003,1.1882,23,34.8
720,1480,0.0003,1.1682,24,41.7
440,840,0.0003,1.9519,41,39.0
760,1640,0.0003,1.1176,19,42.1
200,480,0.0003,2.1464,69,40.6
520,720,0.0003,1.9202,42,38.1
600,680,0.0003,1.9004,41,39.0
520,760,0.0003,1.9326,40,37.5
480,760,0.0002,1.959,41,39.0
560,680,0.0002,1.9207,42,40.5
320,800,0.0002,1.8727,47,40.4
680,2440,0.0002,1.5358,18,33.3
320,640,0.0001,1.8558,50,46.0
360,440,0.0001,2.3492,58,39.7
560,2440,0.0001,1.2821,21,47.6
440,800,0.0001,1.9511,41,39.0
240,480,0.0001,2.2955,64,42.2
640,1720,0.0,1.2716,23,34.8
280,720,-0.0,1.8905,50,48.0
240,800,-0.0,1.8248,49,36.7
520,800,-0.0,1.9186,39,33.3
480,840,0.0,1.9599,39,38.5
680,1520,0.0,1.2507,24,33.3
280,1640,-0.0,1.3477,37,27.0
440,760,-0.0001,1.956,43,39.5
640,1680,-0.0001,1.3305,25,32.0
600,2400,-0.0001,1.2943,21,42.9
200,1560,-0.0001,1.3084,45,28.9
280,760,-0.0001,1.8957,50,46.0
400,800,-0.0002,1.9196,45,35.6
760,1720,-0.0002,1.1032,19,42.1
400,760,-0.0002,1.9414,45,40.0
240,600,-0.0002,1.535,59,42.4
480,800,-0.0002,1.9719,41,36.6
280,440,-0.0003,2.2565,64,40.6
640,1560,-0.0003,1.1882,26,38.5
640,1520,-0.0003,1.1972,26,38.5
760,1680,-0.0003,1.1268,19,42.1
320,360,-0.0003,1.1193,73,41.1
560,720,-0.0003,1.9344,40,35.0
800,1480,-0.0003,1.086,23,39.1
280,560,-0.0003,1.3625,59,49.2
240,400,-0.0003,2.1619,76,39.5
520,2440,-0.0003,1.3095,21,38.1
560,760,-0.0003,1.9342,39,35.9
520,600,-0.0004,1.4482,44,36.4
680,1480,-0.0004,1.2983,28,35.7
200,360,-0.0004,1.9708,88,44.3
760,1600,-0.0004,1.2122,21,42.9
360,840,-0.0004,1.9116,45,35.6
480,720,-0.0005,1.9694,43,39.5
360,920,-0.0005,1.9091,42,33.3
800,1520,-0.0005,1.2532,22,40.9
320,480,-0.0005,2.5441,59,40.7
600,1600,-0.0005,1.2964,25,40.0
240,760,-0.0005,1.8333,52,36.5
480,880,-0.0005,1.9648,40,35.0
560,2480,-0.0005,1.3589,21,47.6
520,2400,-0.0005,1.3198,21,42.9
240,360,-0.0005,2.2005,80,37.5
240,1640,-0.0005,1.4081,39,30.8
480,560,-0.0006,1.341,49,36.7
280,680,-0.0006,1.8533,53,37.7
560,2360,-0.0006,1.3769,21,42.9
400,920,-0.0006,1.9191,42,35.7
560,640,-0.0006,1.9234,44,43.2
560,2400,-0.0006,1.4073,21,42.9
800,1560,-0.0006,1.2767,22,45.5
200,400,-0.0006,2.1569,81,35.8
800,1640,-0.0006,1.0916,19,42.1
560,1640,-0.0007,1.2815,25,48.0
640,1480,-0.0007,1.301,27,37.0
240,1680,-0.0007,1.3703,39,28.2
240,920,-0.0007,1.8361,52,40.4
800,1600,-0.0007,1.2103,21,42.9
640,1760,-0.0007,1.4246,24,37.5
640,680,-0.0007,1.9056,40,35.0
720,1680,-0.0007,1.0981,19,42.1
520,2360,-0.0008,1.3959,21,42.9
240,1480,-0.0008,1.5326,46,32.6
400,840,-0.0008,1.9228,44,36.4
800,1760,-0.0008,1.2072,18,38.9
200,1600,-0.0008,1.349,48,25.0
200,760,-0.0008,1.8078,55,40.0
320,520,-0.0008,2.5404,55,32.7
280,1520,-0.0008,1.625,42,33.3
560,1600,-0.0008,1.3052,25,48.0
600,1560,-0.0009,1.3459,26,42.3
880,1640,-0.0009,1.219,18,38.9
240,1720,-0.0009,1.3797,39,30.8
200,960,-0.0009,1.7912,51,37.3
760,1560,-0.0009,1.2583,22,45.5
320,880,-0.0009,1.8732,48,33.3
280,840,-0.0009,1.8825,49,40.8
800,1800,-0.0009,1.15,19,31.6
600,1520,-0.0009,1.38,27,40.7
360,400,-0.001,2.6946,63,39.7
200,800,-0.001,1.8056,55,40.0
760,1760,-0.001,1.146,18,44.4
720,1800,-0.001,1.0972,20,45.0
440,880,-0.001,1.9434,42,35.7
520,840,-0.001,1.8993,39,35.9
520,680,-0.001,1.9459,44,40.9
320,920,-0.001,1.8768,45,33.3
800,1720,-0.001,1.2129,18,38.9
440,560,-0.0011,1.5466,49,38.8
600,1640,-0.0011,1.3678,25,44.0
200,920,-0.0011,1.802,55,41.8
800,1680,-0.0011,1.1056,19,36.8
600,1680,-0.0011,1.4559,25,44.0
960,1560,-0.0011,1.1302,18,38.9
400,880,-0.0011,1.9249,43,37.2
720,1720,-0.0011,1.1062,20,40.0
400,560,-0.0012,1.7516,52,40.4
840,1720,-0.0012,1.2312,18,38.9
360,880,-0.0012,1.9116,44,34.1
360,800,-0.0012,1.9125,46,34.8
640,1800,-0.0012,1.4634,24,29.2
840,1480,-0.0012,1.2295,22,40.9
840,1760,-0.0012,1.304,18,38.9
840,1680,-0.0012,1.2194,18,38.9
560,600,-0.0012,1.5442,44,34.1
280,400,-0.0012,2.4396,69,42.0
280,800,-0.0012,1.8752,50,40.0
280,1600,-0.0012,1.5305,39,28.2
800,1840,-0.0012,1.1584,19,36.8
840,1800,-0.0013,1.194,18,33.3
840,1600,-0.0013,1.1857,21,33.3
240,1600,-0.0013,1.4635,39,30.8
240,720,-0.0013,1.8356,53,39.6
280,1560,-0.0013,1.6147,39,28.2
280,1000,-0.0013,1.8537,46,30.4
600,720,-0.0013,1.9057,40,35.0
320,960,-0.0013,1.891,44,34.1
320,1560,-0.0013,1.6673,35,31.4
920,1560,-0.0013,1.1211,19,42.1
200,1680,-0.0013,1.3388,44,25.0
200,1640,-0.0013,1.4663,47,25.5
1000,1880,-0.0014,1.5243,17,35.3
720,1840,-0.0014,1.1357,19,42.1
760,1520,-0.0014,1.2151,23,39.1
680,840,-0.0014,1.8586,39,38.5
280,520,-0.0014,2.6541,58,36.2
320,600,-0.0015,1.8815,55,47.3
240,840,-0.0015,1.8247,50,40.0
440,2320,-0.0015,1.444,25,32.0
440,920,-0.0015,1.9388,40,35.0
400,2400,-0.0015,1.4579,24,25.0
520,1760,-0.0015,1.4264,27,44.4
240,2360,-0.0015,1.5323,31,29.0
200,1000,-0.0015,1.8011,50,34.0
280,960,-0.0016,1.8512,47,29.8
720,1760,-0.0016,1.11,20,40.0
920,1600,-0.0016,1.2435,18,38.9
680,1800,-0.0016,1.1846,20,40.0
320,840,-0.0016,1.873,50,38.0
280,920,-0.0016,1.8887,49,30.6
880,1520,-0.0016,1.232,21,38.1
880,1600,-0.0016,1.1898,19,42.1
960,1600,-0.0016,1.3001,18,38.9
720,760,-0.0016,1.8651,38,34.2
720,840,-0.0017,1.6444,36,30.6
600,1720,-0.0017,1.5405,25,36.0
880,1720,-0.0017,1.2196,18,38.9
320,1000,-0.0017,1.8636,44,36.4
320,2400,-0.0017,1.615,27,29.6
1000,1840,-0.0017,1.5816,19,36.8
280,480,-0.0017,2.6667,60,33.3
440,1000,-0.0017,1.9149,37,37.8
520,1640,-0.0017,1.5113,25,44.0
400,1040,-0.0017,1.8862,37,40.5
840,1520,-0.0017,1.2489,22,45.5
200,640,-0.0018,1.652,61,44.3
360,960,-0.0018,1.8912,43,34.9
720,800,-0.0018,1.8584,39,35.9
720,1280,-0.0018,1.4764,27,40.7
880,1760,-0.0018,1.216,18,38.9
880,1680,-0.0018,1.2948,18,38.9
280,880,-0.0018,1.8755,49,34.7
400,960,-0.0018,1.9203,41,31.7
560,1680,-0.0018,1.4223,25,44.0
760,1800,-0.0018,1.2554,19,36.8
200,840,-0.0018,1.806,54,35.2
960,1480,-0.0018,1.2113,20,40.0
760,800,-0.0019,1.6289,36,30.6
320,1040,-0.0019,1.8383,43,37.2
760,1200,-0.0019,1.5082,27,33.3
680,880,-0.0019,1.6745,35,31.4
600,1480,-0.0019,1.5619,28,32.1
520,1680,-0.0019,1.5316,26,46.2
880,1480,-0.0019,1.2977,22,36.4
560,800,-0.0019,1.9333,39,41.0
1000,1520,-0.0019,1.324,19,42.1
200,880,-0.0019,1.8081,53,34.0
1000,1760,-0.0019,1.5889,17,35.3
920,1520,-0.002,1.2197,21,38.1
760,1480,-0.002,1.269,23,39.1
680,720,-0.002,1.8748,39,33.3
200,720,-0.002,1.9271,55,40.0
600,640,-0.002,1.6905,43,34.9
560,1800,-0.002,1.6776,26,42.3
400,2360,-0.002,1.5206,24,25.0
480,920,-0.002,1.9548,40,35.0
520,1800,-0.002,1.4859,25,36.0
200,2320,-0.002,1.7268,33,30.3
840,1640,-0.002,1.2135,19,36.8
440,520,-0.002,1.9027,52,40.4
520,880,-0.002,1.8898,39,35.9
280,2280,-0.0021,1.8214,29,34.5
320,440,-0.0021,2.8341,60,36.7
640,840,-0.0021,1.8736,38,36.8
240,880,-0.0021,1.8335,52,36.5
640,720,-0.0021,1.8693,39,38.5
640,800,-0.0021,1.8801,39,38.5
320,400,-0.0021,2.6524,66,36.4
240,2320,-0.0021,1.6246,33,30.3
440,960,-0.0021,1.8935,40,30.0
520,1720,-0.0021,1.509,28,39.3
320,2360,-0.0022,1.6619,28,25.0
480,520,-0.0022,1.7183,50,32.0
480,2440,-0.0022,1.4897,23,34.8
840,1560,-0.0022,1.3182,21,38.1
480,2400,-0.0022,1.518,23,34.8
760,1840,-0.0022,1.2505,19,36.8
360,1000,-0.0022,1.8763,40,35.0
600,840,-0.0022,1.9006,39,35.9
920,1720,-0.0022,1.3045,18,38.9
760,1160,-0.0022,1.5089,27,44.4
680,800,-0.0022,1.8791,38,34.2
360,1040,-0.0022,1.881,41,36.6
280,1680,-0.0022,1.4618,38,26.3
720,1240,-0.0022,1.4978,27,37.0
840,1120,-0.0023,1.5089,27,29.6
240,1560,-0.0023,1.567,46,28.3
280,2360,-0.0023,1.78,28,32.1
960,1520,-0.0023,1.2259,20,45.0
920,1640,-0.0023,1.3533,18,38.9
400,520,-0.0023,2.0494,52,34.6
240,1520,-0.0023,1.6927,45,26.7
1000,1640,-0.0024,1.5295,17,41.2
520,1600,-0.0024,1.6623,26,42.3
240,960,-0.0024,1.8341,51,35.3
440,2400,-0.0024,1.4761,24,29.2
240,680,-0.0024,1.9312,56,37.5
920,1000,-0.0024,1.5084,31,41.9
240,2280,-0.0024,1.6717,31,25.8
400,1000,-0.0024,1.9165,39,33.3
680,760,-0.0024,1.8611,38,39.5
920,1680,-0.0024,1.3434,18,38.9
200,1720,-0.0024,1.4977,45,24.4
800,1160,-0.0024,1.5085,27,33.3
760,1240,-0.0024,1.4978,27,29.6
600,1760,-0.0024,1.6627,25,36.0
760,1400,-0.0025,1.4665,25,36.0
480,1760,-0.0025,1.6126,28,39.3
640,760,-0.0025,1.8708,39,35.9
320,2320,-0.0025,1.6852,28,25.0
920,1480,-0.0025,1.3514,21,33.3
560,840,-0.0025,1.9322,39,38.5
720,1320,-0.0025,1.4557,27,33.3
960,1640,-0.0025,1.3505,18,38.9
1000,1560,-0.0025,1.3614,18,38.9
320,1600,-0.0026,1.6292,36,27.8
440,2440,-0.0026,1.4664,24,29.2
480,2320,-0.0026,1.6228,23,34.8
880,1560,-0.0026,1.239,21,38.1
320,1200,-0.0026,1.5086,39,38.5
320,1480,-0.0026,1.9392,37,35.1
440,2360,-0.0026,1.5005,24,33.3
840,1040,-0.0026,1.5084,30,33.3
1000,1600,-0.0027,1.4757,18,38.9
280,1720,-0.0027,1.4449,38,26.3
800,1080,-0.0027,1.5087,29,34.5
320,2280,-0.0027,1.7637,27,25.9
480,1720,-0.0027,1.6638,29,34.5
600,800,-0.0027,1.901,39,30.8
400,1760,-0.0027,1.5155,31,32.3
600,760,-0.0027,1.8948,39,30.8
480,960,-0.0027,1.9479,39,35.9
600,1800,-0.0028,1.685,24,33.3
280,2320,-0.0028,1.8202,28,32.1
280,1480,-0.0028,1.9872,42,31.0
200,240,-0.0028,2.2525,113,36.3
360,1160,-0.0028,1.6383,37,35.1
600,880,-0.0029,1.8826,38,31.6
360,2400,-0.0029,1.7181,26,26.9
760,1360,-0.0029,1.4415,25,28.0
880,1040,-0.0029,1.5087,30,36.7
240,1000,-0.0029,1.8102,49,40.8
560,1560,-0.0029,1.723,27,40.7
400,1720,-0.0029,1.6224,29,31.0
920,960,-0.0029,1.5087,30,40.0
480,1680,-0.0029,1.7209,27,37.0
400,2320,-0.0029,1.5298,26,23.1
520,1560,-0.0029,1.7069,26,38.5
680,1320,-0.0029,1.458,27,33.3
760,960,-0.0029,1.5087,32,37.5
280,1760,-0.0029,1.483,36,27.8
840,880,-0.003,1.5986,32,31.2
360,2360,-0.003,1.7043,26,26.9
840,1080,-0.003,1.5087,28,32.1
440,480,-0.003,2.1301,52,36.5
880,1000,-0.003,1.5086,30,36.7
200,2280,-0.003,1.8374,36,33.3
560,880,-0.0031,2.0466,39,30.8
360,2320,-0.0031,1.7701,26,26.9
400,1680,-0.0031,1.5638,31,32.3
520,920,-0.0031,1.9712,39,30.8
1000,1800,-0.0031,1.6572,18,33.3
760,1120,-0.0031,1.5087,29,27.6
480,2360,-0.0031,1.6606,23,34.8
880,960,-0.0031,1.5088,31,29.0
480,1000,-0.0032,1.9738,37,37.8
480,1640,-0.0032,1.7837,29,37.9
440,1040,-0.0032,1.9248,37,37.8
840,1000,-0.0032,1.5086,31,32.3
280,1040,-0.0032,1.8639,45,28.9
600,2880,-0.0032,1.7553,16,25.0
960,1680,-0.0032,1.4291,18,38.9
920,1840,-0.0032,1.514,19,42.1
280,1200,-0.0032,1.5088,42,33.3
680,1360,-0.0032,1.4418,27,29.6
800,1120,-0.0032,1.509,28,32.1
320,1160,-0.0032,1.5085,40,37.5
560,1720,-0.0032,1.6507,26,38.5
560,1760,-0.0032,1.719,25,36.0
800,1200,-0.0033,1.5044,26,30.8
800,920,-0.0033,1.6221,31,32.3
320,1520,-0.0033,2.0054,37,27.0
720,1360,-0.0033,1.4418,27,33.3
200,680,-0.0033,1.9343,60,38.3
480,1560,-0.0033,1.7041,29,34.5
960,1440,-0.0034,1.2637,22,36.4
840,960,-0.0034,1.5088,32,37.5
280,640,-0.0034,1.849,55,40.0
640,880,-0.0034,1.8646,40,30.0
960,1720,-0.0034,1.6429,18,33.3
280,1160,-0.0034,1.5087,43,34.9
280,1240,-0.0034,1.5086,43,34.9
200,1480,-0.0034,1.6187,49,26.5
200,1240,-0.0034,1.5086,50,34.0
920,1760,-0.0035,1.604,18,33.3
400,1640,-0.0035,1.6206,32,34.4
760,1280,-0.0035,1.5019,26,34.6
800,1240,-0.0035,1.498,26,26.9
560,1480,-0.0035,1.8718,28,32.1
920,1280,-0.0035,1.5963,25,36.0
440,1640,-0.0035,1.6291,29,34.5
640,1360,-0.0035,1.4565,28,28.6
760,1320,-0.0036,1.5596,26,26.9
960,1840,-0.0036,1.5198,18,27.8
480,1600,-0.0036,1.738,28,35.7
240,1120,-0.0036,1.5583,48,33.3
520,1000,-0.0036,1.9605,38,34.2
240,1280,-0.0036,1.5088,47,31.9
1000,1200,-0.0036,1.6759,25,36.0
800,2720,-0.0036,1.5999,10,40.0
880,1080,-0.0036,1.7103,26,34.6
760,2760,-0.0036,1.5669,11,45.5
1000,1440,-0.0037,1.4249,20,40.0
1000,1480,-0.0037,1.4813,22,31.8
960,1800,-0.0037,1.5508,18,27.8
1000,1680,-0.0037,1.8257,17,35.3
920,1040,-0.0037,1.7563,27,29.6
560,960,-0.0037,2.0,40,32.5
520,960,-0.0037,2.1173,39,30.8
920,1320,-0.0037,1.6237,25,36.0
800,1040,-0.0037,1.5086,32,28.1
560,1520,-0.0038,1.9621,28,35.7
400,1560,-0.0038,1.6993,30,33.3
240,1240,-0.0038,1.509,47,34.0
440,1680,-0.0038,1.7403,30,36.7
1000,1160,-0.0038,1.6323,25,32.0
1000,1720,-0.0038,1.7148,17,29.4
880,1320,-0.0038,1.6888,25,40.0
760,2720,-0.0039,1.6379,11,27.3
800,840,-0.0039,1.7961,34,29.4
600,2920,-0.0039,1.9147,15,26.7
680,920,-0.0039,1.6436,34,29.4
760,880,-0.0039,1.7684,34,23.5
960,1760,-0.0039,1.7689,17,35.3
320,1240,-0.0039,1.5825,39,38.5
720,1200,-0.0039,1.5172,30,30.0
960,1040,-0.0039,1.8429,27,33.3
960,1200,-0.0039,1.5815,25,32.0
960,1240,-0.0039,1.7352,25,32.0
920,1800,-0.0039,1.6701,18,33.3
200,1520,-0.0039,1.5765,50,24.0
600,920,-0.0039,1.9096,40,32.5
880,1360,-0.0039,1.7208,25,36.0
840,1400,-0.0039,1.7478,25,36.0
680,960,-0.004,1.8458,34,29.4
920,1200,-0.004,1.561,25,32.0
440,1600,-0.004,1.7357,31,35.5
920,1080,-0.004,1.7375,26,26.9
600,3000,-0.004,1.8593,15,20.0
600,2960,-0.004,1.9428,15,26.7
880,1800,-0.004,1.6402,18,33.3
520,1520,-0.004,1.8587,29,31.0
760,2800,-0.004,1.6068,12,41.7
960,1000,-0.004,1.884,30,26.7
960,1280,-0.004,1.6718,25,36.0
200,1200,-0.004,1.5317,51,33.3
240,1200,-0.0041,1.6643,49,30.6
360,1760,-0.0041,1.7512,33,27.3
240,1160,-0.0041,1.7159,49,36.7
920,1240,-0.0041,1.5964,25,32.0
720,1000,-0.0041,1.6119,31,32.3
1000,1120,-0.0041,1.5714,25,36.0
840,1360,-0.0041,1.7021,25,36.0
840,1840,-0.0041,1.5939,19,31.6
400,480,-0.0041,1.9922,52,36.5
880,1120,-0.0041,1.8017,27,29.6
400,1160,-0.0042,1.5657,35,37.1
400,1600,-0.0042,1.7857,31,35.5
880,920,-0.0042,1.5088,32,31.2
1000,1240,-0.0042,1.7393,25,36.0
800,1400,-0.0042,1.7739,25,36.0
960,1160,-0.0042,1.605,25,32.0
840,1320,-0.0042,1.6758,25,36.0
840,2600,-0.0042,1.7316,11,27.3
680,1280,-0.0042,1.5689,29,31.0
1000,1080,-0.0042,1.5695,26,34.6
360,1520,-0.0042,2.1565,33,24.2
720,920,-0.0042,1.8016,34,23.5
720,880,-0.0042,1.6848,34,29.4
360,1480,-0.0043,2.1217,37,32.4
320,1640,-0.0043,1.7716,37,24.3
880,1200,-0.0043,1.6585,26,38.5
760,840,-0.0043,1.6829,34,29.4
840,1160,-0.0043,1.7997,26,30.8
280,600,-0.0043,1.9032,57,45.6
800,2680,-0.0043,1.7197,11,27.3
360,1200,-0.0043,1.6276,37,35.1
200,1120,-0.0043,1.6714,53,32.1
360,1720,-0.0043,1.6736,35,31.4
600,2840,-0.0043,1.953,16,25.0
440,1560,-0.0044,1.835,31,35.5
320,1760,-0.0044,1.7102,33,27.3
880,1840,-0.0044,1.5749,19,31.6
280,1280,-0.0044,1.5414,44,29.5
560,920,-0.0044,2.0893,39,30.8
600,2760,-0.0044,1.9784,16,31.2
800,1360,-0.0044,1.8337,25,32.0
440,1760,-0.0044,1.7733,30,30.0
600,2800,-0.0044,1.9472,16,25.0
240,640,-0.0044,1.9034,61,37.7
880,1240,-0.0045,1.664,25,32.0
880,1280,-0.0045,1.6493,25,36.0
960,1320,-0.0045,1.7713,25,32.0
800,1320,-0.0045,1.81,25,36.0
640,1280,-0.0046,1.6284,30,23.3
720,1040,-0.0046,1.7323,30,30.0
920,1120,-0.0046,1.7179,26,30.8
920,1160,-0.0046,1.6734,26,34.6
880,1400,-0.0046,1.7039,25,36.0
840,1280,-0.0046,1.748,25,32.0
400,1200,-0.0046,1.72,35,34.3
640,1000,-0.0046,1.8443,34,23.5
680,1080,-0.0047,1.7575,30,26.7
600,1040,-0.0047,1.868,33,36.4
640,920,-0.0047,1.8524,37,29.7
400,1520,-0.0047,1.9267,34,35.3
440,1720,-0.0047,1.8254,30,33.3
720,1160,-0.0047,1.713,30,23.3
720,960,-0.0047,1.8349,32,21.9
360,1600,-0.0047,1.9014,34,26.5
320,1680,-0.0048,1.7973,36,25.0
920,1360,-0.0048,1.7513,25,40.0
360,1280,-0.0048,1.7123,38,36.8
600,2720,-0.0048,2.0599,16,18.8
840,1200,-0.0048,1.8009,26,30.8
840,920,-0.0049,1.6933,31,32.3
600,1000,-0.0049,1.7685,35,31.4
760,2560,-0.0049,1.8045,12,33.3
880,1440,-0.0049,1.8775,24,37.5
400,1240,-0.0049,1.7442,36,38.9
760,1000,-0.0049,1.7644,31,29.0
880,1160,-0.0049,1.7615,26,26.9
680,1000,-0.0049,1.9034,32,25.0
840,1240,-0.0049,1.8224,26,30.8
640,1320,-0.0049,1.765,29,27.6
640,2880,-0.0049,1.8703,14,28.6
960,1080,-0.0049,1.7492,26,30.8
800,1280,-0.0049,1.796,26,30.8
480,1040,-0.005,1.9352,37,32.4
440,1160,-0.005,1.8357,34,35.3
800,2640,-0.005,1.8501,12,25.0
1000,1040,-0.005,1.8009,26,30.8
480,1120,-0.005,1.7134,35,31.4
360,560,-0.005,2.0921,53,34.0
960,1120,-0.005,1.7595,26,34.6
680,1120,-0.005,1.6842,31,29.0
520,1080,-0.005,1.8915,37,35.1
360,1560,-0.005,2.1091,33,36.4
760,2680,-0.005,1.8096,12,25.0
760,2600,-0.005,1.89,12,33.3
680,1040,-0.0051,1.9881,31,29.0
480,1520,-0.0051,1.9726,31,29.0
760,920,-0.0051,1.93,35,20.0
400,1280,-0.0051,1.8393,36,36.1
480,1160,-0.0051,1.8352,34,35.3
680,1240,-0.0051,1.821,30,26.7
520,1040,-0.0051,1.9205,37,32.4
520,1160,-0.0051,1.8721,33,30.3
360,1680,-0.0051,1.8453,35,25.7
360,1240,-0.0051,1.8402,37,32.4
640,2920,-0.0051,1.929,13,30.8
440,1480,-0.0051,1.9992,32,31.2
600,1080,-0.0051,1.8993,33,27.3
600,1320,-0.0051,1.733,30,23.3
760,1080,-0.0051,1.7448,31,25.8
360,1640,-0.0051,1.964,34,26.5
520,1480,-0.0051,2.1404,30,30.0
640,1120,-0.0051,1.8772,31,25.8
800,1000,-0.0052,1.7443,32,31.2
760,2640,-0.0052,1.8309,12,25.0
720,2840,-0.0052,1.8688,13,23.1
760,1040,-0.0052,1.7286,31,22.6
720,2880,-0.0052,1.878,13,23.1
320,1280,-0.0052,1.7247,39,33.3
320,1720,-0.0052,1.8145,37,27.0
360,1320,-0.0052,1.8529,39,33.3
600,2680,-0.0053,2.1261,16,18.8
400,440,-0.0053,2.2025,55,43.6
560,1040,-0.0053,1.9448,36,36.1
640,960,-0.0053,1.9764,36,27.8
440,1240,-0.0053,1.9421,34,32.4
840,2560,-0.0053,1.861,13,23.1
760,2840,-0.0053,1.9052,12,25.0
600,960,-0.0053,1.9164,37,29.7
720,2920,-0.0054,1.9242,13,23.1
200,1160,-0.0054,1.7249,52,30.8
1000,1320,-0.0054,2.0137,25,32.0
1000,1360,-0.0054,1.9635,25,40.0
800,880,-0.0054,2.0499,34,23.5
680,1200,-0.0054,1.8004,30,20.0
600,1280,-0.0054,1.8534,30,30.0
560,1080,-0.0054,2.0372,34,35.3
840,2840,-0.0054,1.9511,10,40.0
480,1480,-0.0055,2.049,31,35.5
640,1200,-0.0055,1.9005,30,26.7
920,1440,-0.0055,2.02,23,30.4
640,3000,-0.0055,1.9256,13,23.1
800,960,-0.0055,1.8289,31,29.0
640,1040,-0.0055,1.8486,33,27.3
640,2960,-0.0055,1.9517,13,23.1
440,1520,-0.0055,2.0712,31,35.5
520,1120,-0.0055,1.9517,34,32.4
720,3000,-0.0055,2.0078,13,30.8
560,1000,-0.0055,1.9335,36,33.3
720,1120,-0.0055,1.7922,30,20.0
640,1160,-0.0056,1.8404,31,25.8
1000,1280,-0.0056,1.9316,25,32.0
560,1120,-0.0056,2.1115,33,33.3
480,1080,-0.0056,1.891,36,36.1
960,1360,-0.0056,1.9683,25,32.0
800,2600,-0.0056,1.9376,12,25.0
600,1360,-0.0056,1.893,30,26.7
600,2640,-0.0056,2.1367,16,18.8
840,2520,-0.0056,1.8513,14,35.7
720,2960,-0.0057,1.9719,13,23.1
800,2840,-0.0057,1.9978,10,30.0
600,1160,-0.0057,2.0035,31,25.8
960,1400,-0.0057,2.0276,23,30.4
800,2880,-0.0057,2.0487,11,27.3
920,1400,-0.0057,2.0455,25,32.0
680,1160,-0.0058,1.8854,29,24.1
720,2760,-0.0058,1.9789,14,21.4
800,2760,-0.0058,1.9885,10,30.0
720,2800,-0.0058,1.9627,13,23.1
640,1240,-0.0058,1.8635,30,23.3
640,2840,-0.0058,2.052,16,25.0
480,1200,-0.0058,2.021,34,29.4
560,2960,-0.0059,2.2152,16,25.0
800,2800,-0.0059,2.0248,10,30.0
440,1200,-0.0059,1.985,35,34.3
640,2720,-0.006,2.0289,16,25.0
600,1200,-0.006,1.9264,31,22.6
640,1080,-0.0061,2.0237,34,26.5
680,2800,-0.0062,2.1006,15,26.7
680,2720,-0.0062,2.0762,15,26.7
680,2880,-0.0062,1.9965,13,23.1
560,3000,-0.0062,2.2318,17,23.5
560,2800,-0.0062,2.2226,17,17.6
680,2960,-0.0062,2.0718,13,23.1
720,2680,-0.0062,2.0772,13,30.8
720,1080,-0.0063,2.0522,31,19.4
640,2680,-0.0063,2.088,15,33.3
560,1240,-0.0063,2.0124,31,25.8
560,2760,-0.0063,2.2349,16,18.8
680,2840,-0.0064,2.0426,13,23.1
680,2920,-0.0064,2.081,13,23.1
680,2680,-0.0064,2.0847,16,31.2
680,2640,-0.0064,2.1058,15,20.0
800,2920,-0.0064,2.0858,11,27.3
720,2640,-0.0064,2.0835,13,30.8
800,2560,-0.0064,2.0687,12,25.0
640,2760,-0.0064,2.1005,16,25.0
640,2800,-0.0065,2.1211,16,25.0
840,2800,-0.0065,2.1416,10,30.0
840,2640,-0.0065,2.1254,11,27.3
560,2920,-0.0065,2.2932,17,29.4
600,1240,-0.0066,2.0334,30,26.7
720,2720,-0.0066,2.1182,14,28.6
680,2760,-0.0066,2.2115,15,26.7
680,3000,-0.0066,2.1127,13,23.1
800,2960,-0.0067,2.1171,11,27.3
560,2720,-0.0067,2.3015,16,18.8
840,2680,-0.0067,2.1899,10,30.0
400,1480,-0.0067,2.2711,34,32.4
560,2680,-0.0067,2.277,16,18.8
640,2640,-0.0067,2.1766,15,20.0
720,2600,-0.0067,2.1307,15,20.0
560,1200,-0.0068,2.2157,33,30.3
800,2520,-0.0068,2.0675,15,26.7
760,2920,-0.0068,2.2949,13,23.1
760,2960,-0.0068,2.2488,13,23.1
840,2760,-0.0068,2.2171,10,30.0
880,2440,-0.0068,1.9295,13,30.8
440,1280,-0.0068,2.0483,33,27.3
680,2600,-0.0068,2.2365,14,28.6
840,2480,-0.0068,1.9783,13,30.8
560,1360,-0.0069,2.223,30,30.0
720,2560,-0.0069,2.1367,15,20.0
840,2720,-0.0069,2.2318,10,30.0
760,2880,-0.0069,2.2351,13,23.1
520,1320,-0.007,2.1255,31,25.8
520,1280,-0.007,2.2003,34,23.5
680,2560,-0.007,2.1432,18,22.2
560,1280,-0.007,2.1123,30,26.7
560,2840,-0.007,2.4399,17,29.4
440,1320,-0.007,2.0602,33,33.3
920,2480,-0.0071,2.1872,12,25.0
800,3000,-0.0071,2.1385,12,25.0
640,2600,-0.0073,2.2429,16,18.8
600,1120,-0.0073,2.2779,33,27.3
760,3000,-0.0073,2.2787,13,23.1
880,2560,-0.0074,2.3076,11,27.3
560,1320,-0.0074,2.2378,30,33.3
400,1320,-0.0074,2.1268,36,33.3
1000,2520,-0.0074,2.4092,10,30.0
880,2800,-0.0074,2.3746,11,27.3
920,2600,-0.0075,2.4232,11,27.3
880,2840,-0.0075,2.3104,11,27.3
880,2480,-0.0075,2.2435,12,25.0
360,520,-0.0075,2.5381,54,37.0
560,2880,-0.0076,2.4968,17,17.6
880,2520,-0.0076,2.3608,11,27.3
920,2680,-0.0077,2.408,10,30.0
920,2640,-0.0077,2.4352,10,30.0
960,2560,-0.0077,2.4851,11,27.3
920,2720,-0.0078,2.4236,10,30.0
520,1200,-0.0078,2.3652,33,24.2
800,2480,-0.0078,1.9793,16,18.8
600,2600,-0.0078,2.1554,17,17.6
880,2880,-0.0078,2.3435,11,27.3
1000,1400,-0.0078,2.5105,23,30.4
1000,2400,-0.0078,2.4475,10,30.0
960,2520,-0.0079,2.4865,10,30.0
480,1240,-0.0079,2.3058,33,24.2
880,2600,-0.0079,2.4116,11,27.3
960,2600,-0.0079,2.4691,10,30.0
560,1160,-0.0079,2.4382,33,30.3
920,2800,-0.0079,2.454,11,27.3
360,480,-0.0079,2.6188,54,37.0
640,2520,-0.008,2.0953,18,16.7
600,2560,-0.008,2.1808,17,17.6
440,2800,-0.008,2.3414,19,21.1
960,2480,-0.008,2.4392,11,27.3
880,2760,-0.0081,2.4676,10,30.0
480,1320,-0.0081,2.36,33,30.3
920,2760,-0.0081,2.4462,11,27.3
1000,2480,-0.0081,2.4615,11,27.3
960,2720,-0.0081,2.4841,10,30.0
960,2760,-0.0081,2.4569,11,27.3
880,2720,-0.0081,2.577,10,30.0
1000,2440,-0.0081,2.4462,11,27.3
480,3000,-0.0082,2.4729,18,22.2
1000,2560,-0.0082,2.5408,11,27.3
960,2680,-0.0082,2.4951,10,30.0
880,2680,-0.0082,2.5586,10,30.0
480,1280,-0.0083,2.4103,33,24.2
960,2800,-0.0083,2.4041,11,27.3
440,2960,-0.0083,2.3988,19,26.3
520,2800,-0.0083,2.6053,18,16.7
920,2520,-0.0083,2.5748,10,30.0
440,3000,-0.0083,2.4051,18,22.2
440,2840,-0.0084,2.3972,19,21.1
1000,2640,-0.0084,2.5482,10,30.0
480,2960,-0.0084,2.4194,19,26.3
320,560,-0.0085,2.615,56,39.3
840,2920,-0.0085,2.4899,11,27.3
960,2840,-0.0085,2.4283,11,27.3
520,2960,-0.0086,2.4761,17,23.5
520,2720,-0.0086,2.6627,17,23.5
1000,2600,-0.0086,2.5289,10,30.0
920,2560,-0.0086,2.636,11,27.3
1000,2680,-0.0086,2.5648,10,30.0
920,2840,-0.0086,2.4601,11,27.3
920,2880,-0.0086,2.4514,11,27.3
560,2600,-0.0086,2.2073,18,16.7
880,2920,-0.0086,2.4298,11,27.3
840,2880,-0.0086,2.5304,11,27.3
440,2880,-0.0086,2.4533,19,15.8
960,2920,-0.0087,2.4479,11,27.3
960,2880,-0.0087,2.4368,11,27.3
960,2640,-0.0087,2.5728,10,30.0
1000,2720,-0.0087,2.5545,10,30.0
920,2440,-0.0087,2.445,12,25.0
440,2760,-0.0087,2.3204,20,20.0
520,3000,-0.0087,2.4958,17,17.6
880,2640,-0.0087,2.6287,10,30.0
440,2920,-0.0087,2.4859,19,15.8
920,2960,-0.0088,2.4521,11,27.3
520,1240,-0.0088,2.5069,33,21.2
480,2840,-0.0089,2.571,18,22.2
960,2440,-0.0089,2.5744,11,27.3
960,3000,-0.0089,2.4451,11,27.3
520,2760,-0.009,2.7385,17,23.5
480,2880,-0.009,2.5574,18,27.8
1000,2760,-0.009,2.5852,11,27.3
480,2800,-0.009,2.556,18,22.2
480,2760,-0.009,2.5821,18,16.7
960,2400,-0.0091,2.6546,12,25.0
560,2560,-0.0091,2.2238,18,16.7
520,2840,-0.0091,2.6341,18,22.2
920,2920,-0.0091,2.497,11,27.3
1000,2840,-0.0091,2.5182,11,27.3
840,2960,-0.0092,2.5604,11,27.3
560,2640,-0.0092,2.3035,18,16.7
480,2920,-0.0092,2.6116,19,15.8
520,2880,-0.0092,2.6888,18,27.8
1000,2800,-0.0092,2.5558,11,27.3
200,1040,-0.0093,2.2056,51,23.5
880,2400,-0.0093,1.9872,15,26.7
1000,2360,-0.0093,2.5178,12,25.0
1000,2920,-0.0094,2.5808,11,27.3
880,2960,-0.0094,2.5522,11,27.3
520,2920,-0.0094,2.7033,18,16.7
1000,2960,-0.0094,2.5305,11,27.3
880,3000,-0.0095,2.5718,11,27.3
840,2440,-0.0095,2.0275,14,28.6
840,3000,-0.0095,2.594,11,27.3
960,2960,-0.0096,2.5554,11,27.3
640,2560,-0.0096,2.2147,18,16.7
1000,3000,-0.0096,2.5985,11,18.2
1000,2880,-0.0096,2.6017,11,27.3
920,3000,-0.0097,2.5873,11,27.3
640,2280,-0.0098,2.0203,19,15.8
800,2400,-0.0099,2.0567,16,25.0
800,2440,-0.0099,2.0466,16,18.8
600,2520,-0.0099,2.2191,19,15.8
760,2440,-0.01,2.1175,17,23.5
240,1040,-0.01,2.2477,47,25.5
720,1960,-0.0101,2.2523,18,27.8
920,2400,-0.0101,2.4556,14,21.4
880,2360,-0.0102,2.1694,15,20.0
360,1080,-0.0102,2.5372,39,25.6
320,1080,-0.0102,2.4624,40,22.5
920,2280,-0.0103,2.1678,14,21.4
640,2360,-0.0103,2.2337,19,15.8
640,2320,-0.0103,2.1828,19,15.8
960,2320,-0.0104,2.2819,13,23.1
680,1960,-0.0105,2.2748,19,26.3
840,2400,-0.0106,2.1605,16,18.8
680,1880,-0.0106,2.3413,18,16.7
200,2920,-0.0106,2.4897,30,20.0
680,1920,-0.0107,2.3432,18,16.7
720,1920,-0.0107,2.3411,18,22.2
760,2400,-0.0107,2.236,17,23.5
200,1080,-0.0108,2.4993,52,26.9
840,2280,-0.0108,2.271,15,26.7
560,2520,-0.0108,2.195,20,15.0
240,2880,-0.0108,2.4986,27,18.5
760,1880,-0.0108,2.3802,18,27.8
680,2240,-0.0108,2.2485,19,15.8
360,1120,-0.0109,2.6073,39,30.8
920,1960,-0.0109,2.3995,17,23.5
400,1080,-0.0109,2.56,37,24.3
840,2360,-0.011,2.2689,16,18.8
560,2320,-0.011,2.2667,21,14.3
520,2520,-0.011,2.3093,21,14.3
760,2360,-0.011,2.2785,17,17.6
520,2480,-0.011,2.3414,20,15.0
520,2680,-0.011,2.6669,19,21.1
360,2880,-0.011,2.6112,23,17.4
600,2360,-0.011,2.3061,21,14.3
240,2920,-0.011,2.5418,27,18.5
760,1920,-0.0111,2.4248,18,27.8
680,2000,-0.0111,2.3778,20,20.0
840,2000,-0.0111,2.4478,18,22.2
200,2880,-0.0111,2.4357,31,19.4
840,2320,-0.0112,2.3044,15,26.7
680,2360,-0.0112,2.4247,19,15.8
760,2320,-0.0112,2.348,17,17.6
400,2880,-0.0112,2.6804,22,22.7
240,2680,-0.0112,2.3133,27,22.2
600,2320,-0.0113,2.3051,20,15.0
400,2920,-0.0113,2.6955,22,22.7
880,2240,-0.0113,2.3944,16,18.8
880,2320,-0.0113,2.273,15,20.0
320,1120,-0.0113,2.6499,41,22.0
400,2800,-0.0113,2.6897,23,13.0
720,2040,-0.0113,2.392,19,26.3
680,1840,-0.0113,2.46,19,15.8
520,2640,-0.0114,2.6675,20,15.0
840,2040,-0.0114,2.4527,17,23.5
680,2200,-0.0114,2.3965,19,15.8
720,2000,-0.0114,2.4603,19,26.3
920,2320,-0.0114,2.3949,14,21.4
440,2720,-0.0114,2.4174,22,18.2
400,2960,-0.0114,2.711,22,22.7
400,3000,-0.0114,2.7215,22,18.2
560,2240,-0.0114,2.3716,21,14.3
680,2160,-0.0114,2.395,19,15.8
360,3000,-0.0114,2.6953,22,18.2
600,2240,-0.0114,2.3226,20,15.0
560,2280,-0.0115,2.4286,21,14.3
720,1880,-0.0115,2.472,18,16.7
360,2960,-0.0115,2.737,22,18.2
280,1080,-0.0115,2.6998,45,22.2
240,2960,-0.0116,2.6042,28,17.9
960,1880,-0.0116,2.5104,17,23.5
960,1960,-0.0116,2.464,16,25.0
480,2720,-0.0116,2.6266,21,19.0
800,2360,-0.0116,2.3507,16,25.0
320,2920,-0.0116,2.6499,24,16.7
640,1960,-0.0116,2.5516,22,18.2
800,2320,-0.0116,2.3978,16,18.8
680,2280,-0.0116,2.3648,19,15.8
920,2360,-0.0116,2.4984,13,23.1
480,2680,-0.0116,2.6165,21,14.3
960,2000,-0.0116,2.4458,16,25.0
880,1960,-0.0116,2.5596,17,23.5
1000,1920,-0.0116,2.4598,16,25.0
960,1920,-0.0116,2.5042,17,23.5
600,2280,-0.0117,2.3942,20,15.0
960,2040,-0.0117,2.4449,16,25.0
880,2000,-0.0117,2.5581,17,23.5
280,1120,-0.0117,2.7816,45,24.4
520,2200,-0.0117,2.4698,22,13.6
880,2280,-0.0117,2.4494,15,20.0
360,2920,-0.0117,2.7446,23,17.4
480,2240,-0.0118,2.4674,22,13.6
480,2040,-0.0118,2.5081,23,17.4
560,2200,-0.0118,2.5107,22,13.6
1000,2320,-0.0118,2.5958,13,23.1
640,1920,-0.0118,2.5946,20,20.0
840,2240,-0.0118,2.4402,16,18.8
400,2840,-0.0118,2.8098,22,13.6
400,1120,-0.0118,2.7722,38,26.3
840,1960,-0.0119,2.5512,18,27.8
320,2880,-0.0119,2.7304,24,16.7
720,2360,-0.0119,2.4982,19,15.8
520,2120,-0.0119,2.5875,22,13.6
680,2400,-0.0119,2.489,19,15.8
920,2040,-0.0119,2.4832,16,25.0
800,2280,-0.0119,2.5444,16,18.8
240,2720,-0.0119,2.4061,28,17.9
360,2840,-0.0119,2.5835,24,20.8
320,2960,-0.012,2.764,25,16.0
680,2040,-0.012,2.4621,20,20.0
560,2160,-0.012,2.4981,22,13.6
800,2000,-0.012,2.54,18,27.8
720,2320,-0.012,2.5321,19,15.8
480,2080,-0.012,2.5482,22,13.6
520,2600,-0.012,2.6039,21,14.3
520,2240,-0.012,2.5012,22,13.6
920,2160,-0.012,2.5143,17,17.6
920,2000,-0.0121,2.5204,17,23.5
880,2080,-0.0121,2.4929,17,23.5
960,2240,-0.0121,2.5784,15,20.0
520,2320,-0.0121,2.4981,22,13.6
520,2280,-0.0121,2.4908,22,13.6
520,2040,-0.0121,2.6415,22,18.2
640,2160,-0.0121,2.572,21,14.3
720,2240,-0.0121,2.494,19,15.8
280,2920,-0.0121,2.7063,26,15.4
800,1960,-0.0122,2.5978,18,33.3
640,2000,-0.0122,2.5841,22,18.2
640,1840,-0.0122,2.6448,22,18.2
640,1880,-0.0122,2.6685,20,20.0
800,2240,-0.0122,2.5335,16,18.8
400,2520,-0.0122,2.4655,22,13.6
920,1920,-0.0122,2.6667,17,23.5
520,2560,-0.0122,2.4487,21,14.3
800,1880,-0.0122,2.626,18,33.3
600,2120,-0.0122,2.6136,21,14.3
440,2680,-0.0122,2.4939,22,13.6
880,2040,-0.0122,2.5783,17,23.5
480,2520,-0.0122,2.6129,21,14.3
480,2200,-0.0122,2.5625,22,13.6
1000,1960,-0.0122,2.52,16,25.0
440,2480,-0.0123,2.5349,22,13.6
240,3000,-0.0123,2.671,28,14.3
680,2120,-0.0123,2.55,20,15.0
240,2600,-0.0123,2.4642,28,17.9
640,2200,-0.0123,2.6157,20,15.0
200,2960,-0.0123,2.7113,32,18.8
520,2000,-0.0123,2.623,24,16.7
240,2520,-0.0123,2.4442,28,17.9
480,2640,-0.0123,2.5374,22,13.6
480,2160,-0.0124,2.653,22,13.6
200,1280,-0.0124,2.6266,52,21.2
720,2080,-0.0124,2.5765,18,16.7
720,1400,-0.0124,2.799,27,33.3
480,2280,-0.0124,2.6556,23,13.0
400,2480,-0.0124,2.4818,22,13.6
520,2160,-0.0124,2.6116,22,13.6
720,2280,-0.0124,2.5802,19,15.8
240,2760,-0.0124,2.532,27,18.5
200,3000,-0.0124,2.7241,32,18.8
480,2120,-0.0125,2.6823,22,13.6
520,1920,-0.0125,2.673,24,16.7
240,2800,-0.0125,2.513,28,17.9
680,2080,-0.0125,2.6006,19,21.1
920,1880,-0.0125,2.6781,17,17.6
960,2280,-0.0125,2.628,14,21.4
440,2520,-0.0125,2.558,22,18.2
960,2360,-0.0125,2.7455,13,23.1
680,2320,-0.0125,2.518,19,15.8
760,1960,-0.0125,2.6946,18,33.3
320,3000,-0.0125,2.8034,26,15.4
1000,2200,-0.0126,2.7423,15,20.0
760,1440,-0.0126,2.8025,25,24.0
960,2200,-0.0126,2.618,15,20.0
920,2200,-0.0126,2.6048,17,23.5
760,2000,-0.0126,2.6809,18,33.3
280,2560,-0.0126,2.4751,28,21.4
720,2400,-0.0126,2.5705,18,16.7
280,2960,-0.0126,2.7227,26,19.2
880,1920,-0.0126,2.7223,18,16.7
480,2560,-0.0126,2.6544,22,13.6
920,2240,-0.0126,2.5315,16,18.8
600,2200,-0.0127,2.688,20,15.0
440,2640,-0.0127,2.5919,22,13.6
200,2560,-0.0127,2.5563,31,25.8
840,2200,-0.0127,2.5884,17,17.6
240,2400,-0.0127,2.5258,29,24.1
400,2440,-0.0127,2.5682,23,17.4
800,2160,-0.0127,2.6843,17,17.6
760,2160,-0.0127,2.6442,17,17.6
440,2600,-0.0127,2.6061,22,13.6
560,1840,-0.0127,2.8072,24,16.7
640,2080,-0.0127,2.6343,21,14.3
240,1080,-0.0127,2.8095,48,25.0
560,2120,-0.0127,2.7437,22,13.6
240,2440,-0.0128,2.536,29,24.1
280,2600,-0.0128,2.4984,29,20.7
800,2040,-0.0128,2.6369,18,27.8
240,2840,-0.0128,2.6231,27,18.5
600,1920,-0.0128,2.7797,22,18.2
280,2880,-0.0128,2.6659,27,14.8
280,3000,-0.0128,2.7797,26,19.2
480,2480,-0.0128,2.697,23,13.0
240,2480,-0.0128,2.5002,28,17.9
520,1840,-0.0128,2.822,24,16.7
640,2240,-0.0128,2.7178,20,15.0
600,2080,-0.0128,2.7325,21,14.3
600,2000,-0.0129,2.7654,24,16.7
240,2560,-0.0129,2.5598,28,17.9
840,2080,-0.0129,2.7051,17,17.6
840,1880,-0.0129,2.7185,18,33.3
240,2640,-0.0129,2.5504,29,24.1
960,2080,-0.0129,2.6566,16,18.8
880,2200,-0.0129,2.5896,17,17.6
280,2400,-0.0129,2.5861,27,22.2
1000,2280,-0.0129,2.7775,15,20.0
800,2120,-0.0129,2.6941,17,17.6
760,2240,-0.0129,2.6832,17,17.6
480,2600,-0.013,2.6339,22,13.6
440,1080,-0.013,2.9636,37,24.3
880,2160,-0.013,2.6568,16,18.8
680,1440,-0.013,2.843,28,21.4
720,1440,-0.013,2.9335,26,26.9
560,1920,-0.013,2.7764,23,17.4
280,2480,-0.013,2.555,27,22.2
800,1920,-0.013,2.747,18,33.3
640,2040,-0.013,2.7084,22,18.2
600,2160,-0.013,2.727,21,14.3
600,1960,-0.013,2.7387,24,16.7
760,2200,-0.013,2.6774,17,17.6
640,2120,-0.013,2.7201,21,19.0
280,2520,-0.0131,2.5444,27,29.6
280,2720,-0.0131,2.6617,27,11.1
760,2280,-0.0131,2.7678,19,15.8
920,2120,-0.0131,2.685,16,18.8
440,2040,-0.0131,2.7807,25,16.0
200,1960,-0.0131,2.9197,44,25.0
440,2560,-0.0131,2.663,22,13.6
280,2800,-0.0131,2.6914,28,14.3
560,1960,-0.0131,2.7846,24,16.7
840,1920,-0.0131,2.7655,18,27.8
520,1960,-0.0131,2.7757,25,16.0
760,2040,-0.0131,2.6963,19,26.3
720,2120,-0.0132,2.6805,19,21.1
640,1400,-0.0132,3.0545,29,17.2
800,2080,-0.0132,2.7585,17,23.5
200,2520,-0.0132,2.61,31,22.6
1000,2160,-0.0132,2.7199,16,18.8
680,1400,-0.0132,2.971,28,25.0
880,2120,-0.0132,2.7256,16,18.8
400,2560,-0.0132,2.6218,23,17.4
800,2200,-0.0132,2.7447,17,17.6
600,1880,-0.0132,2.8233,22,18.2
600,1840,-0.0132,2.8378,22,18.2
600,2040,-0.0132,2.821,22,13.6
920,2080,-0.0133,2.7197,16,18.8
280,1840,-0.0133,2.9164,32,18.8
520,1880,-0.0133,2.8931,26,19.2
200,2760,-0.0133,2.6714,30,16.7
200,1920,-0.0133,2.9708,44,22.7
320,2440,-0.0133,2.742,26,23.1
880,1880,-0.0133,2.8154,18,16.7
280,2840,-0.0133,2.7467,26,15.4
280,2680,-0.0133,2.6503,27,18.5
280,2640,-0.0133,2.6078,29,20.7
400,2600,-0.0133,2.6299,23,17.4
840,1440,-0.0134,3.037,24,25.0
720,2200,-0.0134,2.6953,18,16.7
200,2840,-0.0134,2.7699,31,16.1
1000,2000,-0.0135,2.8088,16,25.0
480,1840,-0.0135,2.9558,28,14.3
480,1920,-0.0135,2.8412,27,18.5
760,2120,-0.0135,2.7644,17,23.5
800,1440,-0.0135,3.104,25,24.0
200,2680,-0.0135,2.7075,32,18.8
200,2640,-0.0135,2.6685,33,21.2
280,2760,-0.0135,2.7228,27,14.8
560,1880,-0.0135,2.8975,24,16.7
520,2080,-0.0135,2.9839,22,13.6
1000,2240,-0.0136,2.9879,14,21.4
200,2600,-0.0136,2.7322,33,24.2
840,2160,-0.0136,2.8076,17,17.6
280,2440,-0.0136,2.6435,27,22.2
560,2040,-0.0136,2.9147,22,13.6
480,1880,-0.0136,2.9295,26,15.4
640,1440,-0.0136,3.0385,28,25.0
560,2000,-0.0136,2.8063,24,16.7
200,2440,-0.0137,2.7659,32,31.2
200,2480,-0.0137,2.7343,31,25.8
200,2400,-0.0137,2.8455,34,29.4
360,2800,-0.0137,2.8544,24,20.8
360,2440,-0.0137,2.781,25,24.0
1000,2120,-0.0137,2.8309,17,17.6
960,2120,-0.0137,2.8516,16,18.8
720,2160,-0.0137,2.7951,18,16.7
840,2120,-0.0138,2.9086,17,17.6
200,2720,-0.0138,2.7193,31,19.4
400,2680,-0.0139,2.711,24,16.7
240,2160,-0.0139,2.9399,34,29.4
240,1760,-0.0139,3.1228,37,21.6
360,2520,-0.0139,2.7957,24,16.7
400,2240,-0.0139,2.8203,24,16.7
320,2720,-0.0139,2.7368,25,20.0
200,2360,-0.0139,2.8879,33,30.3
200,2800,-0.014,2.8284,31,19.4
320,1880,-0.014,3.0933,31,16.1
320,1920,-0.014,2.9599,33,15.2
440,2080,-0.014,2.9202,26,15.4
320,2800,-0.014,2.8833,26,19.2
440,2280,-0.014,2.8202,24,16.7
320,2760,-0.0141,2.8587,26,19.2
320,2560,-0.0141,2.7611,25,16.0
320,2480,-0.0141,2.7871,26,15.4
560,2080,-0.0141,2.9576,22,13.6
440,2000,-0.0141,2.8205,26,15.4
320,1800,-0.0141,3.0841,30,16.7
480,1800,-0.0141,3.1473,26,11.5
480,2000,-0.0141,2.9606,25,16.0
360,2480,-0.0141,2.8288,24,16.7
760,2080,-0.0141,2.8318,18,22.2
400,2760,-0.0141,2.9951,24,16.7
480,1960,-0.0141,2.9606,26,19.2
320,2840,-0.0143,2.9328,25,16.0
200,1880,-0.0143,3.127,43,20.9
320,2520,-0.0143,2.793,25,16.0
320,2600,-0.0143,2.7715,25,16.0
320,1840,-0.0143,3.1144,30,16.7
400,2200,-0.0143,2.8932,24,12.5
960,2160,-0.0143,3.0202,17,17.6
320,2240,-0.0144,2.8543,29,20.7
440,2240,-0.0144,2.8972,24,16.7
400,2640,-0.0144,2.807,23,17.4
400,2280,-0.0144,2.9085,25,12.0
1000,2080,-0.0144,3.001,16,18.8
240,2200,-0.0145,3.0019,33,24.2
280,2200,-0.0146,3.0211,30,20.0
1000,2040,-0.0146,3.0362,16,18.8
280,2240,-0.0146,3.0188,31,19.4
440,2120,-0.0146,3.0759,25,16.0
360,2120,-0.0146,2.9731,27,11.1
320,2680,-0.0146,2.8416,26,19.2
440,2200,-0.0146,3.017,24,16.7
200,1800,-0.0146,3.2694,41,22.0
280,1800,-0.0147,3.1826,33,18.2
280,1320,-0.0147,3.1236,47,21.3
240,2120,-0.0147,3.0549,34,26.5
440,2160,-0.0148,3.1061,24,12.5
360,2280,-0.0148,2.9058,26,11.5
240,2240,-0.0148,3.0484,34,23.5
360,2160,-0.0148,2.995,27,14.8
200,2240,-0.0148,3.1482,36,22.2
320,1960,-0.0148,3.0668,32,18.8
360,1840,-0.0148,3.2823,29,17.2
440,1800,-0.0149,3.1374,29,17.2
600,1440,-0.0149,3.3735,29,17.2
240,1880,-0.0149,3.2382,35,20.0
280,2120,-0.015,3.1086,30,20.0
200,2160,-0.015,3.0646,38,21.1
360,2760,-0.015,3.007,26,15.4
280,1440,-0.015,3.2335,41,17.1
440,1120,-0.015,3.1232,36,25.0
360,1800,-0.015,3.2727,30,20.0
360,2600,-0.015,2.9217,24,16.7
320,1320,-0.0151,3.0835,41,17.1
200,1840,-0.0151,3.277,42,23.8
240,1840,-0.0151,3.2698,38,21.1
280,1360,-0.0151,3.2321,46,15.2
360,2720,-0.0151,2.914,24,16.7
360,2560,-0.0151,2.9309,24,16.7
280,2160,-0.0152,3.1501,31,22.6
200,1760,-0.0152,3.3502,42,21.4
400,1840,-0.0152,3.2149,29,17.2
320,2200,-0.0153,2.9918,30,20.0
360,2040,-0.0153,3.1279,28,10.7
360,2240,-0.0153,2.9618,26,11.5
360,2640,-0.0153,2.9817,24,12.5
200,2080,-0.0153,3.1865,42,16.7
320,2640,-0.0153,2.9737,26,15.4
400,2160,-0.0154,3.115,25,16.0
400,1800,-0.0154,3.2516,29,17.2
360,2200,-0.0154,3.0835,26,15.4
240,1440,-0.0155,3.313,44,22.7
200,2120,-0.0155,3.2264,42,21.4
360,1920,-0.0155,3.2236,30,16.7
360,2680,-0.0155,3.002,24,12.5
240,1800,-0.0155,3.3303,38,23.7
360,2080,-0.0155,3.163,27,11.1
240,2040,-0.0155,3.1665,38,21.1
240,1400,-0.0156,3.2745,46,21.7
440,1880,-0.0156,3.2405,28,14.3
280,2000,-0.0156,3.3798,34,17.6
280,1880,-0.0156,3.2999,34,14.7
400,2720,-0.0156,3.0769,25,16.0
440,1840,-0.0156,3.2742,29,10.3
200,2040,-0.0156,3.2326,44,15.9
400,1880,-0.0156,3.2764,30,16.7
200,2000,-0.0156,3.2927,44,15.9
200,1440,-0.0157,3.3145,49,26.5
360,1360,-0.0157,3.3195,38,18.4
440,1920,-0.0157,3.2818,29,13.8
360,2000,-0.0157,3.2109,29,13.8
240,1920,-0.0157,3.3405,36,19.4
400,2040,-0.0158,3.2503,27,14.8
240,2080,-0.0158,3.211,39,25.6
400,2120,-0.0158,3.2143,26,15.4
240,1960,-0.0158,3.2447,39,20.5
240,2000,-0.0158,3.2285,39,20.5
280,1960,-0.0158,3.3567,35,17.1
280,1400,-0.0159,3.377,43,14.0
200,1400,-0.0159,3.338,51,25.5
200,1320,-0.0159,3.4045,54,18.5
360,1880,-0.016,3.4055,31,16.1
600,1400,-0.0161,3.5085,29,20.7
280,1920,-0.0161,3.4244,33,24.2
320,2080,-0.0161,3.2494,29,17.2
440,1960,-0.0161,3.3315,28,14.3
320,2000,-0.0162,3.3142,32,15.6
200,2200,-0.0162,3.2238,38,18.4
240,1320,-0.0162,3.3775,49,18.4
280,2080,-0.0163,3.3487,34,14.7
320,2040,-0.0163,3.3428,30,16.7
320,1360,-0.0163,3.4495,43,16.3
320,1400,-0.0163,3.5095,41,17.1
360,1960,-0.0163,3.3946,30,16.7
320,2160,-0.0163,3.1788,29,13.8
280,2040,-0.0164,3.4493,36,13.9
400,2080,-0.0165,3.3378,27,14.8
400,1360,-0.0166,3.5945,34,20.6
320,1440,-0.0166,3.5505,40,15.0
400,2000,-0.0167,3.4175,28,14.3
360,1440,-0.0168,3.651,40,17.5
560,1400,-0.0168,3.743,30,20.0
200,1360,-0.017,3.518,53,20.8
360,1400,-0.017,3.626,42,19.0
240,1360,-0.017,3.5465,46,21.7
520,1440,-0.0172,3.748,31,22.6
480,1360,-0.0173,3.6605,33,21.2
440,1400,-0.0175,3.804,33,18.2
320,2120,-0.0176,3.4834,30,16.7
440,1360,-0.0176,3.7915,34,17.6
400,1440,-0.0176,3.8065,34,17.6
400,1960,-0.0176,3.625,30,13.3
560,1440,-0.0179,3.834,31,16.1
400,1400,-0.0179,3.8535,34,17.6
480,1400,-0.0182,3.864,32,21.9
520,1360,-0.0183,3.7885,30,16.7
520,1400,-0.0184,3.8255,31,16.1
400,1920,-0.0185,3.8772,30,13.3
440,1440,-0.0188,3.9455,34,14.7
480,1440,-0.019,3.9325,32,12.5
