symbol,phase,start,end,period,mult,sharpe,max_dd,trades,win_rate,won,lost
AXISBANK,train,2025-05-01,2025-05-31,30,1.8,0.0061,0.9116,17,58.82,10,7
AXISBANK,test,2025-06-01,2025-06-30,30,1.8,0.0062,0.9116,26,53.85,14,12
HDFCBANK,train,2025-05-01,2025-05-31,30,1.8,0.007,1.009,6,33.33,2,4
HDFCBANK,test,2025-06-01,2025-06-30,30,1.8,0.0074,1.009,13,30.77,4,9
ICICIBANK,train,2025-05-01,2025-05-31,30,1.8,0.0062,0.8688,11,54.55,6,5
ICICIBANK,test,2025-06-01,2025-06-30,30,1.8,0.0053,0.8688,17,52.94,9,8
INFY,train,2025-05-01,2025-05-31,30,1.8,0.0018,2.1009,11,45.45,5,6
INFY,test,2025-06-01,2025-06-30,30,1.8,0.0028,2.1009,17,47.06,8,9
KOTAKBANK,train,2025-05-01,2025-05-31,30,1.8,-0.0038,2.5449,8,37.5,3,5
KOTAKBANK,test,2025-06-01,2025-06-30,30,1.8,0.0009,2.7037,18,55.56,10,8
MARUTI,train,2025-05-01,2025-05-31,30,1.8,0.0,0.0,0,0.0,0,0
MARUTI,test,2025-06-01,2025-06-30,30,1.8,0.0,0.0,0,0.0,0,0
NIFTY 50,train,2025-05-01,2025-05-31,30,1.8,0.0,0.0,0,0.0,0,0
NIFTY 50,test,2025-06-01,2025-06-30,30,1.8,0.0,0.0,0,0.0,0,0
NIFTY BANK,train,2025-05-01,2025-05-31,30,1.8,0.0,0.0,0,0.0,0,0
NIFTY BANK,test,2025-06-01,2025-06-30,30,1.8,0.0,0.0,0,0.0,0,0
RELIANCE,train,2025-05-01,2025-05-31,30,1.8,0.0082,1.5192,13,76.92,10,3
RELIANCE,test,2025-06-01,2025-06-30,30,1.8,0.0101,1.5192,19,68.42,13,6
SBIN,train,2025-05-01,2025-05-31,30,1.8,0.0025,0.7314,11,54.55,6,5
SBIN,test,2025-06-01,2025-06-30,30,1.8,0.0013,0.7314,17,52.94,9,8
SUNPHARMA,train,2025-05-01,2025-05-31,30,1.8,-0.001,2.1321,23,47.83,11,12
SUNPHARMA,test,2025-06-01,2025-06-30,30,1.8,-0.0005,2.1696,34,47.06,16,18
TATAMOTORS,train,2025-05-01,2025-05-31,30,1.8,0.0032,1.3144,14,42.86,6,8
TATAMOTORS,test,2025-06-01,2025-06-30,30,1.8,0.0006,1.3144,27,40.74,11,16
TCS,train,2025-05-01,2025-05-31,30,1.8,-0.0032,5.1613,22,36.36,8,14
TCS,test,2025-06-01,2025-06-30,30,1.8,-0.0025,5.1613,28,39.29,11,17
TECHM,train,2025-05-01,2025-05-31,30,1.8,0.0079,2.0689,19,63.16,12,7
TECHM,test,2025-06-01,2025-06-30,30,1.8,0.0086,2.0689,23,60.87,14,9
AXISBANK,train,2025-05-01,2025-05-31,30,2.0,0.006,0.9116,13,61.54,8,5
AXISBANK,test,2025-06-01,2025-06-30,30,2.0,0.006,0.9116,18,55.56,10,8
HDFCBANK,train,2025-05-01,2025-05-31,30,2.0,0.007,1.009,3,33.33,1,2
HDFCBANK,test,2025-06-01,2025-06-30,30,2.0,0.0076,1.009,6,33.33,2,4
ICICIBANK,train,2025-05-01,2025-05-31,30,2.0,0.0061,0.8688,9,55.56,5,4
ICICIBANK,test,2025-06-01,2025-06-30,30,2.0,0.0052,0.8688,15,53.33,8,7
INFY,train,2025-05-01,2025-05-31,30,2.0,0.0017,2.1314,8,50.0,4,4
INFY,test,2025-06-01,2025-06-30,30,2.0,0.0027,2.1314,14,50.0,7,7
KOTAKBANK,train,2025-05-01,2025-05-31,30,2.0,-0.0042,2.6238,8,37.5,3,5
KOTAKBANK,test,2025-06-01,2025-06-30,30,2.0,0.0006,2.7827,16,50.0,8,8
MARUTI,train,2025-05-01,2025-05-31,30,2.0,0.0,0.0,0,0.0,0,0
MARUTI,test,2025-06-01,2025-06-30,30,2.0,0.0,0.0,0,0.0,0,0
NIFTY 50,train,2025-05-01,2025-05-31,30,2.0,0.0,0.0,0,0.0,0,0
NIFTY 50,test,2025-06-01,2025-06-30,30,2.0,0.0,0.0,0,0.0,0,0
NIFTY BANK,train,2025-05-01,2025-05-31,30,2.0,0.0,0.0,0,0.0,0,0
NIFTY BANK,test,2025-06-01,2025-06-30,30,2.0,0.0,0.0,0,0.0,0,0
RELIANCE,train,2025-05-01,2025-05-31,30,2.0,0.0082,1.5192,9,66.67,6,3
RELIANCE,test,2025-06-01,2025-06-30,30,2.0,0.0102,1.5192,11,63.64,7,4
SBIN,train,2025-05-01,2025-05-31,30,2.0,0.0027,0.7314,9,55.56,5,4
SBIN,test,2025-06-01,2025-06-30,30,2.0,0.0015,0.7314,14,57.14,8,6
SUNPHARMA,train,2025-05-01,2025-05-31,30,2.0,-0.0008,2.0686,19,57.89,11,8
SUNPHARMA,test,2025-06-01,2025-06-30,30,2.0,-0.0004,2.1445,26,53.85,14,12
TATAMOTORS,train,2025-05-01,2025-05-31,30,2.0,0.0034,1.3144,13,46.15,6,7
TATAMOTORS,test,2025-06-01,2025-06-30,30,2.0,0.0008,1.3144,22,45.45,10,12
TCS,train,2025-05-01,2025-05-31,30,2.0,-0.0031,5.1613,20,35.0,7,13
TCS,test,2025-06-01,2025-06-30,30,2.0,-0.0025,5.1613,24,33.33,8,16
TECHM,train,2025-05-01,2025-05-31,30,2.0,0.0051,2.1428,15,53.33,8,7
TECHM,test,2025-06-01,2025-06-30,30,2.0,0.0065,2.1428,18,50.0,9,9
AXISBANK,train,2025-05-01,2025-05-31,30,2.2,0.006,0.9116,12,58.33,7,5
AXISBANK,test,2025-06-01,2025-06-30,30,2.2,0.006,0.9116,17,52.94,9,8
HDFCBANK,train,2025-05-01,2025-05-31,30,2.2,0.0069,1.009,2,50.0,1,1
HDFCBANK,test,2025-06-01,2025-06-30,30,2.2,0.0075,1.009,5,40.0,2,3
ICICIBANK,train,2025-05-01,2025-05-31,30,2.2,0.0064,0.8688,7,71.43,5,2
ICICIBANK,test,2025-06-01,2025-06-30,30,2.2,0.0054,0.8688,12,58.33,7,5
INFY,train,2025-05-01,2025-05-31,30,2.2,0.002,2.1314,6,50.0,3,3
INFY,test,2025-06-01,2025-06-30,30,2.2,0.003,2.1314,10,50.0,5,5
KOTAKBANK,train,2025-05-01,2025-05-31,30,2.2,-0.0038,2.5468,5,20.0,1,4
KOTAKBANK,test,2025-06-01,2025-06-30,30,2.2,0.0008,2.7166,11,36.36,4,7
MARUTI,train,2025-05-01,2025-05-31,30,2.2,0.0,0.0,0,0.0,0,0
MARUTI,test,2025-06-01,2025-06-30,30,2.2,0.0,0.0,0,0.0,0,0
NIFTY 50,train,2025-05-01,2025-05-31,30,2.2,0.0,0.0,0,0.0,0,0
NIFTY 50,test,2025-06-01,2025-06-30,30,2.2,0.0,0.0,0,0.0,0,0
NIFTY BANK,train,2025-05-01,2025-05-31,30,2.2,0.0,0.0,0,0.0,0,0
NIFTY BANK,test,2025-06-01,2025-06-30,30,2.2,0.0,0.0,0,0.0,0,0
RELIANCE,train,2025-05-01,2025-05-31,30,2.2,0.0084,1.5192,6,50.0,3,3
RELIANCE,test,2025-06-01,2025-06-30,30,2.2,0.0103,1.5192,8,50.0,4,4
SBIN,train,2025-05-01,2025-05-31,30,2.2,0.0028,0.7264,6,66.67,4,2
SBIN,test,2025-06-01,2025-06-30,30,2.2,0.0016,0.7264,11,63.64,7,4
SUNPHARMA,train,2025-05-01,2025-05-31,30,2.2,-0.0016,2.1041,13,69.23,9,4
SUNPHARMA,test,2025-06-01,2025-06-30,30,2.2,-0.001,2.1456,19,63.16,12,7
TATAMOTORS,train,2025-05-01,2025-05-31,30,2.2,0.0037,1.3319,7,42.86,3,4
TATAMOTORS,test,2025-06-01,2025-06-30,30,2.2,0.0008,1.3319,13,38.46,5,8
TCS,train,2025-05-01,2025-05-31,30,2.2,-0.0025,5.1613,17,35.29,6,11
TCS,test,2025-06-01,2025-06-30,30,2.2,-0.0021,5.1613,19,31.58,6,13
TECHM,train,2025-05-01,2025-05-31,30,2.2,0.0054,2.1428,13,53.85,7,6
TECHM,test,2025-06-01,2025-06-30,30,2.2,0.0068,2.1428,14,57.14,8,6
AXISBANK,train,2025-05-01,2025-05-31,30,2.5,0.006,0.9235,9,66.67,6,3
AXISBANK,test,2025-06-01,2025-06-30,30,2.5,0.006,0.9235,13,53.85,7,6
HDFCBANK,train,2025-05-01,2025-05-31,30,2.5,0.0071,1.009,1,100.0,1,0
HDFCBANK,test,2025-06-01,2025-06-30,30,2.5,0.0077,1.009,4,50.0,2,2
ICICIBANK,train,2025-05-01,2025-05-31,30,2.5,0.0071,0.8688,4,50.0,2,2
ICICIBANK,test,2025-06-01,2025-06-30,30,2.5,0.0058,0.8688,8,62.5,5,3
INFY,train,2025-05-01,2025-05-31,30,2.5,0.002,2.1314,6,50.0,3,3
INFY,test,2025-06-01,2025-06-30,30,2.5,0.003,2.1314,9,44.44,4,5
KOTAKBANK,train,2025-05-01,2025-05-31,30,2.5,-0.0038,2.5468,5,20.0,1,4
KOTAKBANK,test,2025-06-01,2025-06-30,30,2.5,0.0007,2.7166,7,28.57,2,5
MARUTI,train,2025-05-01,2025-05-31,30,2.5,0.0,0.0,0,0.0,0,0
MARUTI,test,2025-06-01,2025-06-30,30,2.5,0.0,0.0,0,0.0,0,0
NIFTY 50,train,2025-05-01,2025-05-31,30,2.5,0.0,0.0,0,0.0,0,0
NIFTY 50,test,2025-06-01,2025-06-30,30,2.5,0.0,0.0,0,0.0,0,0
NIFTY BANK,train,2025-05-01,2025-05-31,30,2.5,0.0,0.0,0,0.0,0,0
NIFTY BANK,test,2025-06-01,2025-06-30,30,2.5,0.0,0.0,0,0.0,0,0
RELIANCE,train,2025-05-01,2025-05-31,30,2.5,0.0084,1.5192,4,50.0,2,2
RELIANCE,test,2025-06-01,2025-06-30,30,2.5,0.0103,1.5192,5,40.0,2,3
SBIN,train,2025-05-01,2025-05-31,30,2.5,0.0031,0.7263,4,75.0,3,1
SBIN,test,2025-06-01,2025-06-30,30,2.5,0.0017,0.7263,8,75.0,6,2
SUNPHARMA,train,2025-05-01,2025-05-31,30,2.5,-0.0015,2.0976,10,70.0,7,3
SUNPHARMA,test,2025-06-01,2025-06-30,30,2.5,-0.0008,2.0976,13,69.23,9,4
TATAMOTORS,train,2025-05-01,2025-05-31,30,2.5,0.0037,1.3319,7,42.86,3,4
TATAMOTORS,test,2025-06-01,2025-06-30,30,2.5,0.0008,1.3319,12,41.67,5,7
TCS,train,2025-05-01,2025-05-31,30,2.5,-0.0024,5.1613,11,27.27,3,8
TCS,test,2025-06-01,2025-06-30,30,2.5,-0.002,5.1613,13,23.08,3,10
TECHM,train,2025-05-01,2025-05-31,30,2.5,0.0053,2.1198,7,71.43,5,2
TECHM,test,2025-06-01,2025-06-30,30,2.5,0.0068,2.1198,8,75.0,6,2
AXISBANK,train,2025-05-01,2025-05-31,30,3.0,0.0062,0.9111,3,33.33,1,2
AXISBANK,test,2025-06-01,2025-06-30,30,3.0,0.0061,0.9111,5,40.0,2,3
HDFCBANK,train,2025-05-01,2025-05-31,30,3.0,0.0069,1.009,0,0.0,0,0
HDFCBANK,test,2025-06-01,2025-06-30,30,3.0,0.0075,1.009,1,100.0,1,0
ICICIBANK,train,2025-05-01,2025-05-31,30,3.0,0.0071,0.8688,4,50.0,2,2
ICICIBANK,test,2025-06-01,2025-06-30,30,3.0,0.0058,0.8688,8,62.5,5,3
INFY,train,2025-05-01,2025-05-31,30,3.0,0.0018,2.1314,3,66.67,2,1
INFY,test,2025-06-01,2025-06-30,30,3.0,0.0028,2.1314,5,60.0,3,2
KOTAKBANK,train,2025-05-01,2025-05-31,30,3.0,-0.0036,2.4778,4,25.0,1,3
KOTAKBANK,test,2025-06-01,2025-06-30,30,3.0,0.0009,2.6475,6,33.33,2,4
MARUTI,train,2025-05-01,2025-05-31,30,3.0,0.0,0.0,0,0.0,0,0
MARUTI,test,2025-06-01,2025-06-30,30,3.0,0.0,0.0,0,0.0,0,0
NIFTY 50,train,2025-05-01,2025-05-31,30,3.0,0.0,0.0,0,0.0,0,0
NIFTY 50,test,2025-06-01,2025-06-30,30,3.0,0.0,0.0,0,0.0,0,0
NIFTY BANK,train,2025-05-01,2025-05-31,30,3.0,0.0,0.0,0,0.0,0,0
NIFTY BANK,test,2025-06-01,2025-06-30,30,3.0,0.0,0.0,0,0.0,0,0
RELIANCE,train,2025-05-01,2025-05-31,30,3.0,0.0082,1.5192,3,33.33,1,2
RELIANCE,test,2025-06-01,2025-06-30,30,3.0,0.0102,1.5192,4,25.0,1,3
SBIN,train,2025-05-01,2025-05-31,30,3.0,0.0031,0.7262,3,66.67,2,1
SBIN,test,2025-06-01,2025-06-30,30,3.0,0.0017,0.7262,5,60.0,3,2
SUNPHARMA,train,2025-05-01,2025-05-31,30,3.0,-0.0011,2.0682,7,71.43,5,2
SUNPHARMA,test,2025-06-01,2025-06-30,30,3.0,-0.0003,2.0682,9,66.67,6,3
TATAMOTORS,train,2025-05-01,2025-05-31,30,3.0,0.0036,1.3189,4,50.0,2,2
TATAMOTORS,test,2025-06-01,2025-06-30,30,3.0,0.0008,1.3189,8,50.0,4,4
TCS,train,2025-05-01,2025-05-31,30,3.0,-0.002,5.0738,8,37.5,3,5
TCS,test,2025-06-01,2025-06-30,30,3.0,-0.0017,5.0738,8,37.5,3,5
TECHM,train,2025-05-01,2025-05-31,30,3.0,0.0052,2.1198,5,60.0,3,2
TECHM,test,2025-06-01,2025-06-30,30,3.0,0.0068,2.1198,5,60.0,3,2
AXISBANK,train,2025-05-01,2025-05-31,40,1.8,0.0063,0.9114,19,57.89,11,8
AXISBANK,test,2025-06-01,2025-06-30,40,1.8,0.0061,0.9114,29,55.17,16,13
HDFCBANK,train,2025-05-01,2025-05-31,40,1.8,0.0068,1.0094,6,33.33,2,4
HDFCBANK,test,2025-06-01,2025-06-30,40,1.8,0.0072,1.0094,13,38.46,5,8
ICICIBANK,train,2025-05-01,2025-05-31,40,1.8,0.0065,0.8259,12,50.0,6,6
ICICIBANK,test,2025-06-01,2025-06-30,40,1.8,0.0056,0.8259,19,47.37,9,10
INFY,train,2025-05-01,2025-05-31,40,1.8,0.0018,2.1,14,42.86,6,8
INFY,test,2025-06-01,2025-06-30,40,1.8,0.0027,2.1,21,47.62,10,11
KOTAKBANK,train,2025-05-01,2025-05-31,40,1.8,-0.0041,2.6087,9,33.33,3,6
KOTAKBANK,test,2025-06-01,2025-06-30,40,1.8,0.0007,2.7735,20,55.0,11,9
MARUTI,train,2025-05-01,2025-05-31,40,1.8,0.0,0.0,0,0.0,0,0
MARUTI,test,2025-06-01,2025-06-30,40,1.8,0.0,0.0,0,0.0,0,0
NIFTY 50,train,2025-05-01,2025-05-31,40,1.8,0.0,0.0,0,0.0,0,0
NIFTY 50,test,2025-06-01,2025-06-30,40,1.8,0.0,0.0,0,0.0,0,0
NIFTY BANK,train,2025-05-01,2025-05-31,40,1.8,0.0,0.0,0,0.0,0,0
NIFTY BANK,test,2025-06-01,2025-06-30,40,1.8,0.0,0.0,0,0.0,0,0
RELIANCE,train,2025-05-01,2025-05-31,40,1.8,0.0082,1.4704,16,62.5,10,6
RELIANCE,test,2025-06-01,2025-06-30,40,1.8,0.0101,1.4704,24,62.5,15,9
SBIN,train,2025-05-01,2025-05-31,40,1.8,0.003,0.7162,12,50.0,6,6
SBIN,test,2025-06-01,2025-06-30,40,1.8,0.0017,0.7162,18,50.0,9,9
SUNPHARMA,train,2025-05-01,2025-05-31,40,1.8,-0.0023,2.1402,24,45.83,11,13
SUNPHARMA,test,2025-06-01,2025-06-30,40,1.8,-0.0015,2.1689,34,47.06,16,18
TATAMOTORS,train,2025-05-01,2025-05-31,40,1.8,0.0035,1.3033,16,43.75,7,9
TATAMOTORS,test,2025-06-01,2025-06-30,40,1.8,0.0007,1.3033,30,43.33,13,17
TCS,train,2025-05-01,2025-05-31,40,1.8,-0.003,5.0757,21,38.1,8,13
TCS,test,2025-06-01,2025-06-30,40,1.8,-0.0022,5.0757,30,40.0,12,18
TECHM,train,2025-05-01,2025-05-31,40,1.8,0.0079,2.068,23,56.52,13,10
TECHM,test,2025-06-01,2025-06-30,40,1.8,0.0087,2.068,30,53.33,16,14
AXISBANK,train,2025-05-01,2025-05-31,40,2.0,0.0061,0.9115,16,56.25,9,7
AXISBANK,test,2025-06-01,2025-06-30,40,2.0,0.0062,0.9115,23,56.52,13,10
HDFCBANK,train,2025-05-01,2025-05-31,40,2.0,0.0068,1.0094,4,25.0,1,3
HDFCBANK,test,2025-06-01,2025-06-30,40,2.0,0.0072,1.0094,9,33.33,3,6
ICICIBANK,train,2025-05-01,2025-05-31,40,2.0,0.0061,0.8689,10,60.0,6,4
ICICIBANK,test,2025-06-01,2025-06-30,40,2.0,0.0052,0.8689,16,56.25,9,7
INFY,train,2025-05-01,2025-05-31,40,2.0,0.002,2.1,9,44.44,4,5
INFY,test,2025-06-01,2025-06-30,40,2.0,0.0029,2.1,15,46.67,7,8
KOTAKBANK,train,2025-05-01,2025-05-31,40,2.0,-0.0041,2.6235,8,37.5,3,5
KOTAKBANK,test,2025-06-01,2025-06-30,40,2.0,0.0007,2.7824,17,52.94,9,8
MARUTI,train,2025-05-01,2025-05-31,40,2.0,0.0,0.0,0,0.0,0,0
MARUTI,test,2025-06-01,2025-06-30,40,2.0,0.0,0.0,0,0.0,0,0
NIFTY 50,train,2025-05-01,2025-05-31,40,2.0,0.0,0.0,0,0.0,0,0
NIFTY 50,test,2025-06-01,2025-06-30,40,2.0,0.0,0.0,0,0.0,0,0
NIFTY BANK,train,2025-05-01,2025-05-31,40,2.0,0.0,0.0,0,0.0,0,0
NIFTY BANK,test,2025-06-01,2025-06-30,40,2.0,0.0,0.0,0,0.0,0,0
RELIANCE,train,2025-05-01,2025-05-31,40,2.0,0.0083,1.4704,10,70.0,7,3
RELIANCE,test,2025-06-01,2025-06-30,40,2.0,0.0102,1.4704,15,66.67,10,5
SBIN,train,2025-05-01,2025-05-31,40,2.0,0.003,0.7312,9,55.56,5,4
SBIN,test,2025-06-01,2025-06-30,40,2.0,0.0018,0.7312,14,57.14,8,6
SUNPHARMA,train,2025-05-01,2025-05-31,40,2.0,-0.0012,2.175,21,52.38,11,10
SUNPHARMA,test,2025-06-01,2025-06-30,40,2.0,-0.0006,2.244,31,51.61,16,15
TATAMOTORS,train,2025-05-01,2025-05-31,40,2.0,0.0036,1.3033,14,50.0,7,7
TATAMOTORS,test,2025-06-01,2025-06-30,40,2.0,0.0009,1.3033,24,45.83,11,13
TCS,train,2025-05-01,2025-05-31,40,2.0,-0.0029,5.0757,20,35.0,7,13
TCS,test,2025-06-01,2025-06-30,40,2.0,-0.0023,5.0757,25,36.0,9,16
TECHM,train,2025-05-01,2025-05-31,40,2.0,0.008,2.055,16,56.25,9,7
TECHM,test,2025-06-01,2025-06-30,40,2.0,0.0086,2.055,19,52.63,10,9
AXISBANK,train,2025-05-01,2025-05-31,40,2.2,0.006,0.9115,13,53.85,7,6
AXISBANK,test,2025-06-01,2025-06-30,40,2.2,0.006,0.9115,18,50.0,9,9
HDFCBANK,train,2025-05-01,2025-05-31,40,2.2,0.0068,1.0094,3,33.33,1,2
HDFCBANK,test,2025-06-01,2025-06-30,40,2.2,0.0075,1.0094,6,33.33,2,4
ICICIBANK,train,2025-05-01,2025-05-31,40,2.2,0.0064,0.8689,7,71.43,5,2
ICICIBANK,test,2025-06-01,2025-06-30,40,2.2,0.0053,0.8689,12,58.33,7,5
INFY,train,2025-05-01,2025-05-31,40,2.2,0.0021,2.1,8,50.0,4,4
INFY,test,2025-06-01,2025-06-30,40,2.2,0.003,2.1,13,53.85,7,6
KOTAKBANK,train,2025-05-01,2025-05-31,40,2.2,-0.004,2.6018,7,42.86,3,4
KOTAKBANK,test,2025-06-01,2025-06-30,40,2.2,0.0007,2.7607,14,50.0,7,7
MARUTI,train,2025-05-01,2025-05-31,40,2.2,0.0,0.0,0,0.0,0,0
MARUTI,test,2025-06-01,2025-06-30,40,2.2,0.0,0.0,0,0.0,0,0
NIFTY 50,train,2025-05-01,2025-05-31,40,2.2,0.0,0.0,0,0.0,0,0
NIFTY 50,test,2025-06-01,2025-06-30,40,2.2,0.0,0.0,0,0.0,0,0
NIFTY BANK,train,2025-05-01,2025-05-31,40,2.2,0.0,0.0,0,0.0,0,0
NIFTY BANK,test,2025-06-01,2025-06-30,40,2.2,0.0,0.0,0,0.0,0,0
RELIANCE,train,2025-05-01,2025-05-31,40,2.2,0.0086,1.4704,6,50.0,3,3
RELIANCE,test,2025-06-01,2025-06-30,40,2.2,0.0105,1.4704,8,50.0,4,4
SBIN,train,2025-05-01,2025-05-31,40,2.2,0.003,0.7262,7,57.14,4,3
SBIN,test,2025-06-01,2025-06-30,40,2.2,0.0017,0.7262,12,58.33,7,5
SUNPHARMA,train,2025-05-01,2025-05-31,40,2.2,-0.0011,2.0702,17,58.82,10,7
SUNPHARMA,test,2025-06-01,2025-06-30,40,2.2,-0.0006,2.1462,24,54.17,13,11
TATAMOTORS,train,2025-05-01,2025-05-31,40,2.2,0.0034,1.3207,10,40.0,4,6
TATAMOTORS,test,2025-06-01,2025-06-30,40,2.2,0.0006,1.3207,19,42.11,8,11
TCS,train,2025-05-01,2025-05-31,40,2.2,-0.0028,5.0757,18,33.33,6,12
TCS,test,2025-06-01,2025-06-30,40,2.2,-0.0023,5.0757,20,30.0,6,14
TECHM,train,2025-05-01,2025-05-31,40,2.2,0.0057,2.055,15,60.0,9,6
TECHM,test,2025-06-01,2025-06-30,40,2.2,0.0069,2.055,18,55.56,10,8
AXISBANK,train,2025-05-01,2025-05-31,40,2.5,0.006,0.9234,9,66.67,6,3
AXISBANK,test,2025-06-01,2025-06-30,40,2.5,0.0061,0.9234,13,53.85,7,6
HDFCBANK,train,2025-05-01,2025-05-31,40,2.5,0.0069,1.0094,1,100.0,1,0
HDFCBANK,test,2025-06-01,2025-06-30,40,2.5,0.0075,1.0094,4,50.0,2,2
ICICIBANK,train,2025-05-01,2025-05-31,40,2.5,0.0065,0.8689,6,66.67,4,2
ICICIBANK,test,2025-06-01,2025-06-30,40,2.5,0.0055,0.8689,11,63.64,7,4
INFY,train,2025-05-01,2025-05-31,40,2.5,0.0021,2.1305,6,50.0,3,3
INFY,test,2025-06-01,2025-06-30,40,2.5,0.0031,2.1305,9,44.44,4,5
KOTAKBANK,train,2025-05-01,2025-05-31,40,2.5,-0.0038,2.5466,5,20.0,1,4
KOTAKBANK,test,2025-06-01,2025-06-30,40,2.5,0.0007,2.7163,7,28.57,2,5
MARUTI,train,2025-05-01,2025-05-31,40,2.5,0.0,0.0,0,0.0,0,0
MARUTI,test,2025-06-01,2025-06-30,40,2.5,0.0,0.0,0,0.0,0,0
NIFTY 50,train,2025-05-01,2025-05-31,40,2.5,0.0,0.0,0,0.0,0,0
NIFTY 50,test,2025-06-01,2025-06-30,40,2.5,0.0,0.0,0,0.0,0,0
NIFTY BANK,train,2025-05-01,2025-05-31,40,2.5,0.0,0.0,0,0.0,0,0
NIFTY BANK,test,2025-06-01,2025-06-30,40,2.5,0.0,0.0,0,0.0,0,0
RELIANCE,train,2025-05-01,2025-05-31,40,2.5,0.0086,1.4704,5,40.0,2,3
RELIANCE,test,2025-06-01,2025-06-30,40,2.5,0.0105,1.4704,6,33.33,2,4
SBIN,train,2025-05-01,2025-05-31,40,2.5,0.0032,0.7262,6,66.67,4,2
SBIN,test,2025-06-01,2025-06-30,40,2.5,0.0018,0.7262,10,70.0,7,3
SUNPHARMA,train,2025-05-01,2025-05-31,40,2.5,-0.0014,2.1032,12,66.67,8,4
SUNPHARMA,test,2025-06-01,2025-06-30,40,2.5,-0.0008,2.1032,17,58.82,10,7
TATAMOTORS,train,2025-05-01,2025-05-31,40,2.5,0.0039,1.3207,7,42.86,3,4
TATAMOTORS,test,2025-06-01,2025-06-30,40,2.5,0.0009,1.3207,12,41.67,5,7
TCS,train,2025-05-01,2025-05-31,40,2.5,-0.0022,5.0757,15,40.0,6,9
TCS,test,2025-06-01,2025-06-30,40,2.5,-0.0019,5.0757,17,35.29,6,11
TECHM,train,2025-05-01,2025-05-31,40,2.5,0.0053,2.1418,11,54.55,6,5
TECHM,test,2025-06-01,2025-06-30,40,2.5,0.0068,2.1418,12,58.33,7,5
AXISBANK,train,2025-05-01,2025-05-31,40,3.0,0.0066,0.911,5,60.0,3,2
AXISBANK,test,2025-06-01,2025-06-30,40,3.0,0.0065,0.911,9,44.44,4,5
HDFCBANK,train,2025-05-01,2025-05-31,40,3.0,0.0067,1.0094,0,0.0,0,0
HDFCBANK,test,2025-06-01,2025-06-30,40,3.0,0.0073,1.0094,2,50.0,1,1
ICICIBANK,train,2025-05-01,2025-05-31,40,3.0,0.0071,0.8689,4,50.0,2,2
ICICIBANK,test,2025-06-01,2025-06-30,40,3.0,0.0057,0.8689,8,62.5,5,3
INFY,train,2025-05-01,2025-05-31,40,3.0,0.0021,2.1305,4,75.0,3,1
INFY,test,2025-06-01,2025-06-30,40,3.0,0.0031,2.1305,6,66.67,4,2
KOTAKBANK,train,2025-05-01,2025-05-31,40,3.0,-0.0038,2.5466,5,20.0,1,4
KOTAKBANK,test,2025-06-01,2025-06-30,40,3.0,0.0007,2.7163,7,28.57,2,5
MARUTI,train,2025-05-01,2025-05-31,40,3.0,0.0,0.0,0,0.0,0,0
MARUTI,test,2025-06-01,2025-06-30,40,3.0,0.0,0.0,0,0.0,0,0
NIFTY 50,train,2025-05-01,2025-05-31,40,3.0,0.0,0.0,0,0.0,0,0
NIFTY 50,test,2025-06-01,2025-06-30,40,3.0,0.0,0.0,0,0.0,0,0
NIFTY BANK,train,2025-05-01,2025-05-31,40,3.0,0.0,0.0,0,0.0,0,0
NIFTY BANK,test,2025-06-01,2025-06-30,40,3.0,0.0,0.0,0,0.0,0,0
RELIANCE,train,2025-05-01,2025-05-31,40,3.0,0.0084,1.4704,3,33.33,1,2
RELIANCE,test,2025-06-01,2025-06-30,40,3.0,0.0103,1.4704,4,25.0,1,3
SBIN,train,2025-05-01,2025-05-31,40,3.0,0.0034,0.726,4,75.0,3,1
SBIN,test,2025-06-01,2025-06-30,40,3.0,0.0019,0.726,6,66.67,4,2
SUNPHARMA,train,2025-05-01,2025-05-31,40,3.0,-0.0011,2.095,8,75.0,6,2
SUNPHARMA,test,2025-06-01,2025-06-30,40,3.0,-0.0003,2.095,10,70.0,7,3
TATAMOTORS,train,2025-05-01,2025-05-31,40,3.0,0.0038,1.3078,4,50.0,2,2
TATAMOTORS,test,2025-06-01,2025-06-30,40,3.0,0.0008,1.3078,9,44.44,4,5
TCS,train,2025-05-01,2025-05-31,40,3.0,-0.002,5.0757,9,33.33,3,6
TCS,test,2025-06-01,2025-06-30,40,3.0,-0.0017,5.0757,9,33.33,3,6
TECHM,train,2025-05-01,2025-05-31,40,3.0,0.0055,2.1189,6,66.67,4,2
TECHM,test,2025-06-01,2025-06-30,40,3.0,0.0071,2.1189,6,66.67,4,2
AXISBANK,train,2025-05-01,2025-05-31,60,1.8,0.0062,0.9649,20,50.0,10,10
AXISBANK,test,2025-06-01,2025-06-30,60,1.8,0.0061,0.9649,32,50.0,16,16
HDFCBANK,train,2025-05-01,2025-05-31,60,1.8,0.0074,1.0082,6,33.33,2,4
HDFCBANK,test,2025-06-01,2025-06-30,60,1.8,0.0077,1.0082,14,35.71,5,9
ICICIBANK,train,2025-05-01,2025-05-31,60,1.8,0.0071,0.7657,12,50.0,6,6
ICICIBANK,test,2025-06-01,2025-06-30,60,1.8,0.0061,0.7657,21,47.62,10,11
INFY,train,2025-05-01,2025-05-31,60,1.8,0.002,2.0987,16,43.75,7,9
INFY,test,2025-06-01,2025-06-30,60,1.8,0.0029,2.0987,24,50.0,12,12
KOTAKBANK,train,2025-05-01,2025-05-31,60,1.8,-0.0042,2.6833,15,40.0,6,9
KOTAKBANK,test,2025-06-01,2025-06-30,60,1.8,0.0006,2.8194,26,53.85,14,12
MARUTI,train,2025-05-01,2025-05-31,60,1.8,0.0,0.0,0,0.0,0,0
MARUTI,test,2025-06-01,2025-06-30,60,1.8,0.0,0.0,0,0.0,0,0
NIFTY 50,train,2025-05-01,2025-05-31,60,1.8,0.0,0.0,0,0.0,0,0
NIFTY 50,test,2025-06-01,2025-06-30,60,1.8,0.0,0.0,0,0.0,0,0
NIFTY BANK,train,2025-05-01,2025-05-31,60,1.8,0.0,0.0,0,0.0,0,0
NIFTY BANK,test,2025-06-01,2025-06-30,60,1.8,0.0,0.0,0,0.0,0,0
RELIANCE,train,2025-05-01,2025-05-31,60,1.8,0.0084,1.4238,19,52.63,10,9
RELIANCE,test,2025-06-01,2025-06-30,60,1.8,0.0101,1.4238,29,55.17,16,13
SBIN,train,2025-05-01,2025-05-31,60,1.8,0.0034,0.6978,14,50.0,7,7
SBIN,test,2025-06-01,2025-06-30,60,1.8,0.0019,0.6978,20,50.0,10,10
SUNPHARMA,train,2025-05-01,2025-05-31,60,1.8,-0.0021,2.0368,31,41.94,13,18
SUNPHARMA,test,2025-06-01,2025-06-30,60,1.8,-0.0014,2.1516,43,44.19,19,24
TATAMOTORS,train,2025-05-01,2025-05-31,60,1.8,0.0035,1.3034,22,50.0,11,11
TATAMOTORS,test,2025-06-01,2025-06-30,60,1.8,0.0007,1.3034,37,48.65,18,19
TCS,train,2025-05-01,2025-05-31,60,1.8,-0.003,5.0728,26,42.31,11,15
TCS,test,2025-06-01,2025-06-30,60,1.8,-0.0022,5.0728,37,45.95,17,20
TECHM,train,2025-05-01,2025-05-31,60,1.8,0.0083,2.0576,26,57.69,15,11
TECHM,test,2025-06-01,2025-06-30,60,1.8,0.0088,2.0576,33,54.55,18,15
AXISBANK,train,2025-05-01,2025-05-31,60,2.0,0.0067,0.9107,16,56.25,9,7
AXISBANK,test,2025-06-01,2025-06-30,60,2.0,0.0065,0.9107,24,54.17,13,11
HDFCBANK,train,2025-05-01,2025-05-31,60,2.0,0.0074,1.0082,5,40.0,2,3
HDFCBANK,test,2025-06-01,2025-06-30,60,2.0,0.0077,1.0082,10,40.0,4,6
ICICIBANK,train,2025-05-01,2025-05-31,60,2.0,0.0071,0.7657,12,50.0,6,6
ICICIBANK,test,2025-06-01,2025-06-30,60,2.0,0.0059,0.7657,18,50.0,9,9
INFY,train,2025-05-01,2025-05-31,60,2.0,0.0022,2.0987,12,50.0,6,6
INFY,test,2025-06-01,2025-06-30,60,2.0,0.0031,2.0987,20,55.0,11,9
KOTAKBANK,train,2025-05-01,2025-05-31,60,2.0,-0.0039,2.601,8,37.5,3,5
KOTAKBANK,test,2025-06-01,2025-06-30,60,2.0,0.0008,2.7657,18,55.56,10,8
MARUTI,train,2025-05-01,2025-05-31,60,2.0,0.0,0.0,0,0.0,0,0
MARUTI,test,2025-06-01,2025-06-30,60,2.0,0.0,0.0,0,0.0,0,0
NIFTY 50,train,2025-05-01,2025-05-31,60,2.0,0.0,0.0,0,0.0,0,0
NIFTY 50,test,2025-06-01,2025-06-30,60,2.0,0.0,0.0,0,0.0,0,0
NIFTY BANK,train,2025-05-01,2025-05-31,60,2.0,0.0,0.0,0,0.0,0,0
NIFTY BANK,test,2025-06-01,2025-06-30,60,2.0,0.0,0.0,0,0.0,0,0
RELIANCE,train,2025-05-01,2025-05-31,60,2.0,0.0084,1.4523,13,69.23,9,4
RELIANCE,test,2025-06-01,2025-06-30,60,2.0,0.0102,1.4523,19,63.16,12,7
SBIN,train,2025-05-01,2025-05-31,60,2.0,0.0032,0.7018,11,45.45,5,6
SBIN,test,2025-06-01,2025-06-30,60,2.0,0.0019,0.7018,16,50.0,8,8
SUNPHARMA,train,2025-05-01,2025-05-31,60,2.0,-0.0029,2.1858,23,47.83,11,12
SUNPHARMA,test,2025-06-01,2025-06-30,60,2.0,-0.002,2.2462,32,46.88,15,17
TATAMOTORS,train,2025-05-01,2025-05-31,60,2.0,0.0035,1.3034,15,46.67,7,8
TATAMOTORS,test,2025-06-01,2025-06-30,60,2.0,0.0005,1.3034,28,42.86,12,16
TCS,train,2025-05-01,2025-05-31,60,2.0,-0.0029,5.0728,21,38.1,8,13
TCS,test,2025-06-01,2025-06-30,60,2.0,-0.0022,5.0728,29,41.38,12,17
TECHM,train,2025-05-01,2025-05-31,60,2.0,0.0083,2.0446,18,55.56,10,8
TECHM,test,2025-06-01,2025-06-30,60,2.0,0.0089,2.0446,24,50.0,12,12
AXISBANK,train,2025-05-01,2025-05-31,60,2.2,0.0066,0.9107,15,53.33,8,7
AXISBANK,test,2025-06-01,2025-06-30,60,2.2,0.0066,0.9107,22,54.55,12,10
HDFCBANK,train,2025-05-01,2025-05-31,60,2.2,0.0074,1.0082,4,25.0,1,3
HDFCBANK,test,2025-06-01,2025-06-30,60,2.2,0.0077,1.0082,9,33.33,3,6
ICICIBANK,train,2025-05-01,2025-05-31,60,2.2,0.0072,0.7657,10,60.0,6,4
ICICIBANK,test,2025-06-01,2025-06-30,60,2.2,0.006,0.7657,15,53.33,8,7
INFY,train,2025-05-01,2025-05-31,60,2.2,0.0023,2.0987,8,50.0,4,4
INFY,test,2025-06-01,2025-06-30,60,2.2,0.0031,2.0987,14,57.14,8,6
KOTAKBANK,train,2025-05-01,2025-05-31,60,2.2,-0.0036,2.599,7,42.86,3,4
KOTAKBANK,test,2025-06-01,2025-06-30,60,2.2,0.0011,2.7576,16,56.25,9,7
MARUTI,train,2025-05-01,2025-05-31,60,2.2,0.0,0.0,0,0.0,0,0
MARUTI,test,2025-06-01,2025-06-30,60,2.2,0.0,0.0,0,0.0,0,0
NIFTY 50,train,2025-05-01,2025-05-31,60,2.2,0.0,0.0,0,0.0,0,0
NIFTY 50,test,2025-06-01,2025-06-30,60,2.2,0.0,0.0,0,0.0,0,0
NIFTY BANK,train,2025-05-01,2025-05-31,60,2.2,0.0,0.0,0,0.0,0,0
NIFTY BANK,test,2025-06-01,2025-06-30,60,2.2,0.0,0.0,0,0.0,0,0
RELIANCE,train,2025-05-01,2025-05-31,60,2.2,0.0086,1.4703,8,62.5,5,3
RELIANCE,test,2025-06-01,2025-06-30,60,2.2,0.0104,1.4703,14,57.14,8,6
SBIN,train,2025-05-01,2025-05-31,60,2.2,0.0032,0.7113,9,55.56,5,4
SBIN,test,2025-06-01,2025-06-30,60,2.2,0.0019,0.7113,14,57.14,8,6
SUNPHARMA,train,2025-05-01,2025-05-31,60,2.2,-0.0011,2.1753,19,52.63,10,9
SUNPHARMA,test,2025-06-01,2025-06-30,60,2.2,-0.0006,2.2207,28,50.0,14,14
TATAMOTORS,train,2025-05-01,2025-05-31,60,2.2,0.0036,1.3034,14,50.0,7,7
TATAMOTORS,test,2025-06-01,2025-06-30,60,2.2,0.0007,1.3034,23,47.83,11,12
TCS,train,2025-05-01,2025-05-31,60,2.2,-0.0028,5.0728,18,33.33,6,12
TCS,test,2025-06-01,2025-06-30,60,2.2,-0.0022,5.0728,24,37.5,9,15
TECHM,train,2025-05-01,2025-05-31,60,2.2,0.008,2.0546,14,57.14,8,6
TECHM,test,2025-06-01,2025-06-30,60,2.2,0.0085,2.0546,18,55.56,10,8
AXISBANK,train,2025-05-01,2025-05-31,60,2.5,0.0067,0.9109,12,58.33,7,5
AXISBANK,test,2025-06-01,2025-06-30,60,2.5,0.0066,0.9109,16,50.0,8,8
HDFCBANK,train,2025-05-01,2025-05-31,60,2.5,0.0073,1.0082,2,50.0,1,1
HDFCBANK,test,2025-06-01,2025-06-30,60,2.5,0.0078,1.0082,5,40.0,2,3
ICICIBANK,train,2025-05-01,2025-05-31,60,2.5,0.0071,0.8087,6,66.67,4,2
ICICIBANK,test,2025-06-01,2025-06-30,60,2.5,0.0059,0.8087,11,63.64,7,4
INFY,train,2025-05-01,2025-05-31,60,2.5,0.0024,2.0987,7,57.14,4,3
INFY,test,2025-06-01,2025-06-30,60,2.5,0.0033,2.0987,12,58.33,7,5
KOTAKBANK,train,2025-05-01,2025-05-31,60,2.5,-0.0034,2.5438,5,20.0,1,4
KOTAKBANK,test,2025-06-01,2025-06-30,60,2.5,0.0011,2.7133,10,40.0,4,6
MARUTI,train,2025-05-01,2025-05-31,60,2.5,0.0,0.0,0,0.0,0,0
MARUTI,test,2025-06-01,2025-06-30,60,2.5,0.0,0.0,0,0.0,0,0
NIFTY 50,train,2025-05-01,2025-05-31,60,2.5,0.0,0.0,0,0.0,0,0
NIFTY 50,test,2025-06-01,2025-06-30,60,2.5,0.0,0.0,0,0.0,0,0
NIFTY BANK,train,2025-05-01,2025-05-31,60,2.5,0.0,0.0,0,0.0,0,0
NIFTY BANK,test,2025-06-01,2025-06-30,60,2.5,0.0,0.0,0,0.0,0,0
RELIANCE,train,2025-05-01,2025-05-31,60,2.5,0.0087,1.4703,5,40.0,2,3
RELIANCE,test,2025-06-01,2025-06-30,60,2.5,0.0105,1.4703,6,33.33,2,4
SBIN,train,2025-05-01,2025-05-31,60,2.5,0.0032,0.7262,6,66.67,4,2
SBIN,test,2025-06-01,2025-06-30,60,2.5,0.0019,0.7262,11,63.64,7,4
SUNPHARMA,train,2025-05-01,2025-05-31,60,2.5,-0.0011,2.0708,16,56.25,9,7
SUNPHARMA,test,2025-06-01,2025-06-30,60,2.5,-0.0006,2.1231,22,54.55,12,10
TATAMOTORS,train,2025-05-01,2025-05-31,60,2.5,0.0035,1.3209,11,45.45,5,6
TATAMOTORS,test,2025-06-01,2025-06-30,60,2.5,0.0006,1.3209,20,45.0,9,11
TCS,train,2025-05-01,2025-05-31,60,2.5,-0.0021,5.0728,14,35.71,5,9
TCS,test,2025-06-01,2025-06-30,60,2.5,-0.0018,5.0728,16,31.25,5,11
TECHM,train,2025-05-01,2025-05-31,60,2.5,0.0055,2.0546,13,53.85,7,6
TECHM,test,2025-06-01,2025-06-30,60,2.5,0.0068,2.0546,15,53.33,8,7
AXISBANK,train,2025-05-01,2025-05-31,60,3.0,0.0065,0.9227,9,66.67,6,3
AXISBANK,test,2025-06-01,2025-06-30,60,3.0,0.0064,0.9227,13,53.85,7,6
HDFCBANK,train,2025-05-01,2025-05-31,60,3.0,0.0075,1.0082,1,100.0,1,0
HDFCBANK,test,2025-06-01,2025-06-30,60,3.0,0.008,1.0082,4,50.0,2,2
ICICIBANK,train,2025-05-01,2025-05-31,60,3.0,0.0072,0.8087,5,60.0,3,2
ICICIBANK,test,2025-06-01,2025-06-30,60,3.0,0.0058,0.8087,9,66.67,6,3
INFY,train,2025-05-01,2025-05-31,60,3.0,0.0026,2.0987,5,60.0,3,2
INFY,test,2025-06-01,2025-06-30,60,3.0,0.0034,2.0987,7,57.14,4,3
KOTAKBANK,train,2025-05-01,2025-05-31,60,3.0,-0.0034,2.5438,5,20.0,1,4
KOTAKBANK,test,2025-06-01,2025-06-30,60,3.0,0.001,2.7133,7,28.57,2,5
MARUTI,train,2025-05-01,2025-05-31,60,3.0,0.0,0.0,0,0.0,0,0
MARUTI,test,2025-06-01,2025-06-30,60,3.0,0.0,0.0,0,0.0,0,0
NIFTY 50,train,2025-05-01,2025-05-31,60,3.0,0.0,0.0,0,0.0,0,0
NIFTY 50,test,2025-06-01,2025-06-30,60,3.0,0.0,0.0,0,0.0,0,0
NIFTY BANK,train,2025-05-01,2025-05-31,60,3.0,0.0,0.0,0,0.0,0,0
NIFTY BANK,test,2025-06-01,2025-06-30,60,3.0,0.0,0.0,0,0.0,0,0
RELIANCE,train,2025-05-01,2025-05-31,60,3.0,0.0087,1.4703,5,40.0,2,3
RELIANCE,test,2025-06-01,2025-06-30,60,3.0,0.0105,1.4703,6,33.33,2,4
SBIN,train,2025-05-01,2025-05-31,60,3.0,0.0034,0.726,4,75.0,3,1
SBIN,test,2025-06-01,2025-06-30,60,3.0,0.0018,0.726,6,66.67,4,2
SUNPHARMA,train,2025-05-01,2025-05-31,60,3.0,-0.0012,2.1025,11,63.64,7,4
SUNPHARMA,test,2025-06-01,2025-06-30,60,3.0,-0.0004,2.1025,13,61.54,8,5
TATAMOTORS,train,2025-05-01,2025-05-31,60,3.0,0.0036,1.3079,4,50.0,2,2
TATAMOTORS,test,2025-06-01,2025-06-30,60,3.0,0.0007,1.3079,9,44.44,4,5
TCS,train,2025-05-01,2025-05-31,60,3.0,-0.0021,5.0728,10,20.0,2,8
TCS,test,2025-06-01,2025-06-30,60,3.0,-0.0018,5.0728,11,18.18,2,9
TECHM,train,2025-05-01,2025-05-31,60,3.0,0.006,2.0317,10,70.0,7,3
TECHM,test,2025-06-01,2025-06-30,60,3.0,0.0072,2.0317,11,72.73,8,3
AXISBANK,train,2025-05-01,2025-05-31,80,1.8,0.0071,0.9636,23,47.83,11,12
AXISBANK,test,2025-06-01,2025-06-30,80,1.8,0.0067,0.9636,35,48.57,17,18
HDFCBANK,train,2025-05-01,2025-05-31,80,1.8,0.0085,1.0071,11,63.64,7,4
HDFCBANK,test,2025-06-01,2025-06-30,80,1.8,0.0085,1.0071,19,52.63,10,9
ICICIBANK,train,2025-05-01,2025-05-31,80,1.8,0.0083,0.6858,13,53.85,7,6
ICICIBANK,test,2025-06-01,2025-06-30,80,1.8,0.007,0.6858,22,50.0,11,11
INFY,train,2025-05-01,2025-05-31,80,1.8,0.0025,2.0893,18,38.89,7,11
INFY,test,2025-06-01,2025-06-30,80,1.8,0.0033,2.0893,26,46.15,12,14
KOTAKBANK,train,2025-05-01,2025-05-31,80,1.8,-0.0041,2.7382,16,37.5,6,10
KOTAKBANK,test,2025-06-01,2025-06-30,80,1.8,0.0007,2.8634,27,51.85,14,13
MARUTI,train,2025-05-01,2025-05-31,80,1.8,0.0,0.0,0,0.0,0,0
MARUTI,test,2025-06-01,2025-06-30,80,1.8,0.0,0.0,0,0.0,0,0
NIFTY 50,train,2025-05-01,2025-05-31,80,1.8,0.0,0.0,0,0.0,0,0
NIFTY 50,test,2025-06-01,2025-06-30,80,1.8,0.0,0.0,0,0.0,0,0
NIFTY BANK,train,2025-05-01,2025-05-31,80,1.8,0.0,0.0,0,0.0,0,0
NIFTY BANK,test,2025-06-01,2025-06-30,80,1.8,0.0,0.0,0,0.0,0,0
RELIANCE,train,2025-05-01,2025-05-31,80,1.8,0.0092,1.331,21,52.38,11,10
RELIANCE,test,2025-06-01,2025-06-30,80,1.8,0.0108,1.331,32,53.12,17,15
SBIN,train,2025-05-01,2025-05-31,80,1.8,0.0047,0.7078,16,50.0,8,8
SBIN,test,2025-06-01,2025-06-30,80,1.8,0.0028,0.7078,24,50.0,12,12
SUNPHARMA,train,2025-05-01,2025-05-31,80,1.8,-0.0014,2.0328,32,46.88,15,17
SUNPHARMA,test,2025-06-01,2025-06-30,80,1.8,-0.0007,2.1681,47,53.19,25,22
TATAMOTORS,train,2025-05-01,2025-05-31,80,1.8,0.0043,1.2386,25,44.0,11,14
TATAMOTORS,test,2025-06-01,2025-06-30,80,1.8,0.0011,1.2386,41,46.34,19,22
TCS,train,2025-05-01,2025-05-31,80,1.8,-0.0026,5.026,27,40.74,11,16
TCS,test,2025-06-01,2025-06-30,80,1.8,-0.002,5.026,39,43.59,17,22
TECHM,train,2025-05-01,2025-05-31,80,1.8,0.0082,2.0558,28,53.57,15,13
TECHM,test,2025-06-01,2025-06-30,80,1.8,0.0088,2.0558,37,54.05,20,17
AXISBANK,train,2025-05-01,2025-05-31,80,2.0,0.0071,0.964,20,50.0,10,10
AXISBANK,test,2025-06-01,2025-06-30,80,2.0,0.0068,0.964,30,50.0,15,15
HDFCBANK,train,2025-05-01,2025-05-31,80,2.0,0.008,1.0071,5,40.0,2,3
HDFCBANK,test,2025-06-01,2025-06-30,80,2.0,0.0082,1.0071,11,36.36,4,7
ICICIBANK,train,2025-05-01,2025-05-31,80,2.0,0.0082,0.6858,12,50.0,6,6
ICICIBANK,test,2025-06-01,2025-06-30,80,2.0,0.0067,0.6858,18,44.44,8,10
INFY,train,2025-05-01,2025-05-31,80,2.0,0.0025,2.0968,13,46.15,6,7
INFY,test,2025-06-01,2025-06-30,80,2.0,0.0033,2.0968,21,52.38,11,10
KOTAKBANK,train,2025-05-01,2025-05-31,80,2.0,-0.0038,2.6737,11,36.36,4,7
KOTAKBANK,test,2025-06-01,2025-06-30,80,2.0,0.0009,2.8097,21,52.38,11,10
MARUTI,train,2025-05-01,2025-05-31,80,2.0,0.0,0.0,0,0.0,0,0
MARUTI,test,2025-06-01,2025-06-30,80,2.0,0.0,0.0,0,0.0,0,0
NIFTY 50,train,2025-05-01,2025-05-31,80,2.0,0.0,0.0,0,0.0,0,0
NIFTY 50,test,2025-06-01,2025-06-30,80,2.0,0.0,0.0,0,0.0,0,0
NIFTY BANK,train,2025-05-01,2025-05-31,80,2.0,0.0,0.0,0,0.0,0,0
NIFTY BANK,test,2025-06-01,2025-06-30,80,2.0,0.0,0.0,0,0.0,0,0
RELIANCE,train,2025-05-01,2025-05-31,80,2.0,0.0094,1.331,13,53.85,7,6
RELIANCE,test,2025-06-01,2025-06-30,80,2.0,0.0108,1.331,22,54.55,12,10
SBIN,train,2025-05-01,2025-05-31,80,2.0,0.004,0.7004,14,50.0,7,7
SBIN,test,2025-06-01,2025-06-30,80,2.0,0.0025,0.7004,19,52.63,10,9
SUNPHARMA,train,2025-05-01,2025-05-31,80,2.0,-0.0025,2.2064,27,40.74,11,16
SUNPHARMA,test,2025-06-01,2025-06-30,80,2.0,-0.0018,2.3261,37,40.54,15,22
TATAMOTORS,train,2025-05-01,2025-05-31,80,2.0,0.0045,1.25,20,45.0,9,11
TATAMOTORS,test,2025-06-01,2025-06-30,80,2.0,0.0012,1.25,33,42.42,14,19
TCS,train,2025-05-01,2025-05-31,80,2.0,-0.0029,5.0679,22,40.91,9,13
TCS,test,2025-06-01,2025-06-30,80,2.0,-0.0022,5.0679,32,43.75,14,18
TECHM,train,2025-05-01,2025-05-31,80,2.0,0.0087,2.0428,22,59.09,13,9
TECHM,test,2025-06-01,2025-06-30,80,2.0,0.0092,2.0428,28,53.57,15,13
AXISBANK,train,2025-05-01,2025-05-31,80,2.2,0.0071,0.91,15,53.33,8,7
AXISBANK,test,2025-06-01,2025-06-30,80,2.2,0.0069,0.91,22,54.55,12,10
HDFCBANK,train,2025-05-01,2025-05-31,80,2.2,0.008,1.0071,4,25.0,1,3
HDFCBANK,test,2025-06-01,2025-06-30,80,2.2,0.0081,1.0071,9,33.33,3,6
ICICIBANK,train,2025-05-01,2025-05-31,80,2.2,0.0085,0.6858,9,55.56,5,4
ICICIBANK,test,2025-06-01,2025-06-30,80,2.2,0.0069,0.6858,14,50.0,7,7
INFY,train,2025-05-01,2025-05-31,80,2.2,0.0027,2.0968,10,40.0,4,6
INFY,test,2025-06-01,2025-06-30,80,2.2,0.0033,2.0968,17,47.06,8,9
KOTAKBANK,train,2025-05-01,2025-05-31,80,2.2,-0.0036,2.5988,8,37.5,3,5
KOTAKBANK,test,2025-06-01,2025-06-30,80,2.2,0.0011,2.7634,18,55.56,10,8
MARUTI,train,2025-05-01,2025-05-31,80,2.2,0.0,0.0,0,0.0,0,0
MARUTI,test,2025-06-01,2025-06-30,80,2.2,0.0,0.0,0,0.0,0,0
NIFTY 50,train,2025-05-01,2025-05-31,80,2.2,0.0,0.0,0,0.0,0,0
NIFTY 50,test,2025-06-01,2025-06-30,80,2.2,0.0,0.0,0,0.0,0,0
NIFTY BANK,train,2025-05-01,2025-05-31,80,2.2,0.0,0.0,0,0.0,0,0
NIFTY BANK,test,2025-06-01,2025-06-30,80,2.2,0.0,0.0,0,0.0,0,0
RELIANCE,train,2025-05-01,2025-05-31,80,2.2,0.0094,1.349,10,50.0,5,5
RELIANCE,test,2025-06-01,2025-06-30,80,2.2,0.0109,1.349,16,50.0,8,8
SBIN,train,2025-05-01,2025-05-31,80,2.2,0.0038,0.7014,11,45.45,5,6
SBIN,test,2025-06-01,2025-06-30,80,2.2,0.0023,0.7014,16,50.0,8,8
SUNPHARMA,train,2025-05-01,2025-05-31,80,2.2,-0.0009,2.1739,21,47.62,10,11
SUNPHARMA,test,2025-06-01,2025-06-30,80,2.2,-0.0005,2.2193,30,46.67,14,16
TATAMOTORS,train,2025-05-01,2025-05-31,80,2.2,0.0042,1.2665,14,50.0,7,7
TATAMOTORS,test,2025-06-01,2025-06-30,80,2.2,0.0011,1.2665,23,47.83,11,12
TCS,train,2025-05-01,2025-05-31,80,2.2,-0.0027,5.0679,17,29.41,5,12
TCS,test,2025-06-01,2025-06-30,80,2.2,-0.0021,5.0679,24,37.5,9,15
TECHM,train,2025-05-01,2025-05-31,80,2.2,0.0085,2.0428,15,53.33,8,7
TECHM,test,2025-06-01,2025-06-30,80,2.2,0.0089,2.0428,19,52.63,10,9
AXISBANK,train,2025-05-01,2025-05-31,80,2.5,0.0073,0.91,13,61.54,8,5
AXISBANK,test,2025-06-01,2025-06-30,80,2.5,0.007,0.91,17,52.94,9,8
HDFCBANK,train,2025-05-01,2025-05-31,80,2.5,0.008,1.0071,3,33.33,1,2
HDFCBANK,test,2025-06-01,2025-06-30,80,2.5,0.0083,1.0071,6,33.33,2,4
ICICIBANK,train,2025-05-01,2025-05-31,80,2.5,0.0086,0.6858,7,57.14,4,3
ICICIBANK,test,2025-06-01,2025-06-30,80,2.5,0.007,0.6858,12,58.33,7,5
INFY,train,2025-05-01,2025-05-31,80,2.5,0.0027,2.0968,8,50.0,4,4
INFY,test,2025-06-01,2025-06-30,80,2.5,0.0034,2.0968,13,53.85,7,6
KOTAKBANK,train,2025-05-01,2025-05-31,80,2.5,-0.0031,2.5466,6,33.33,2,4
KOTAKBANK,test,2025-06-01,2025-06-30,80,2.5,0.0014,2.716,11,45.45,5,6
MARUTI,train,2025-05-01,2025-05-31,80,2.5,0.0,0.0,0,0.0,0,0
MARUTI,test,2025-06-01,2025-06-30,80,2.5,0.0,0.0,0,0.0,0,0
NIFTY 50,train,2025-05-01,2025-05-31,80,2.5,0.0,0.0,0,0.0,0,0
NIFTY 50,test,2025-06-01,2025-06-30,80,2.5,0.0,0.0,0,0.0,0,0
NIFTY BANK,train,2025-05-01,2025-05-31,80,2.5,0.0,0.0,0,0.0,0,0
NIFTY BANK,test,2025-06-01,2025-06-30,80,2.5,0.0,0.0,0,0.0,0,0
RELIANCE,train,2025-05-01,2025-05-31,80,2.5,0.0093,1.3775,7,57.14,4,3
RELIANCE,test,2025-06-01,2025-06-30,80,2.5,0.0108,1.3775,10,60.0,6,4
SBIN,train,2025-05-01,2025-05-31,80,2.5,0.0039,0.7109,7,57.14,4,3
SBIN,test,2025-06-01,2025-06-30,80,2.5,0.0024,0.7109,12,58.33,7,5
SUNPHARMA,train,2025-05-01,2025-05-31,80,2.5,-0.0005,2.0672,17,52.94,9,8
SUNPHARMA,test,2025-06-01,2025-06-30,80,2.5,0.0001,2.0672,23,47.83,11,12
TATAMOTORS,train,2025-05-01,2025-05-31,80,2.5,0.0041,1.271,10,50.0,5,5
TATAMOTORS,test,2025-06-01,2025-06-30,80,2.5,0.0011,1.271,19,47.37,9,10
TCS,train,2025-05-01,2025-05-31,80,2.5,-0.0024,5.0679,15,33.33,5,10
TCS,test,2025-06-01,2025-06-30,80,2.5,-0.0021,5.0679,18,33.33,6,12
TECHM,train,2025-05-01,2025-05-31,80,2.5,0.0059,2.0428,13,53.85,7,6
TECHM,test,2025-06-01,2025-06-30,80,2.5,0.007,2.0428,16,56.25,9,7
AXISBANK,train,2025-05-01,2025-05-31,80,3.0,0.0071,0.9102,10,60.0,6,4
AXISBANK,test,2025-06-01,2025-06-30,80,3.0,0.0069,0.9102,14,50.0,7,7
HDFCBANK,train,2025-05-01,2025-05-31,80,3.0,0.0081,1.0071,1,100.0,1,0
HDFCBANK,test,2025-06-01,2025-06-30,80,3.0,0.0084,1.0071,4,50.0,2,2
ICICIBANK,train,2025-05-01,2025-05-31,80,3.0,0.0084,0.7287,5,60.0,3,2
ICICIBANK,test,2025-06-01,2025-06-30,80,3.0,0.0067,0.7287,9,66.67,6,3
INFY,train,2025-05-01,2025-05-31,80,3.0,0.003,2.0968,5,60.0,3,2
INFY,test,2025-06-01,2025-06-30,80,3.0,0.0037,2.0968,8,62.5,5,3
KOTAKBANK,train,2025-05-01,2025-05-31,80,3.0,-0.003,2.5417,5,20.0,1,4
KOTAKBANK,test,2025-06-01,2025-06-30,80,3.0,0.0013,2.7111,7,28.57,2,5
MARUTI,train,2025-05-01,2025-05-31,80,3.0,0.0,0.0,0,0.0,0,0
MARUTI,test,2025-06-01,2025-06-30,80,3.0,0.0,0.0,0,0.0,0,0
NIFTY 50,train,2025-05-01,2025-05-31,80,3.0,0.0,0.0,0,0.0,0,0
NIFTY 50,test,2025-06-01,2025-06-30,80,3.0,0.0,0.0,0,0.0,0,0
NIFTY BANK,train,2025-05-01,2025-05-31,80,3.0,0.0,0.0,0,0.0,0,0
NIFTY BANK,test,2025-06-01,2025-06-30,80,3.0,0.0,0.0,0,0.0,0,0
RELIANCE,train,2025-05-01,2025-05-31,80,3.0,0.0094,1.3775,5,40.0,2,3
RELIANCE,test,2025-06-01,2025-06-30,80,3.0,0.011,1.3775,6,33.33,2,4
SBIN,train,2025-05-01,2025-05-31,80,3.0,0.0038,0.7258,5,80.0,4,1
SBIN,test,2025-06-01,2025-06-30,80,3.0,0.0021,0.7258,7,71.43,5,2
SUNPHARMA,train,2025-05-01,2025-05-31,80,3.0,-0.0008,2.0999,11,63.64,7,4
SUNPHARMA,test,2025-06-01,2025-06-30,80,3.0,-0.0002,2.0999,15,53.33,8,7
TATAMOTORS,train,2025-05-01,2025-05-31,80,3.0,0.004,1.271,5,60.0,3,2
TATAMOTORS,test,2025-06-01,2025-06-30,80,3.0,0.001,1.271,10,50.0,5,5
TCS,train,2025-05-01,2025-05-31,80,3.0,-0.0018,5.0679,11,18.18,2,9
TCS,test,2025-06-01,2025-06-30,80,3.0,-0.0016,5.0679,12,16.67,2,10
TECHM,train,2025-05-01,2025-05-31,80,3.0,0.0061,2.0528,12,58.33,7,5
TECHM,test,2025-06-01,2025-06-30,80,3.0,0.0073,2.0528,13,61.54,8,5
AXISBANK,train,2025-05-01,2025-05-31,120,1.8,0.0071,0.9704,26,53.85,14,12
AXISBANK,test,2025-06-01,2025-06-30,120,1.8,0.0068,0.9704,40,52.5,21,19
HDFCBANK,train,2025-05-01,2025-05-31,120,1.8,0.009,1.006,12,58.33,7,5
HDFCBANK,test,2025-06-01,2025-06-30,120,1.8,0.0089,1.006,20,50.0,10,10
ICICIBANK,train,2025-05-01,2025-05-31,120,1.8,0.0083,0.687,19,57.89,11,8
ICICIBANK,test,2025-06-01,2025-06-30,120,1.8,0.007,0.687,29,55.17,16,13
INFY,train,2025-05-01,2025-05-31,120,1.8,0.0031,2.089,21,47.62,10,11
INFY,test,2025-06-01,2025-06-30,120,1.8,0.0037,2.089,29,51.72,15,14
KOTAKBANK,train,2025-05-01,2025-05-31,120,1.8,-0.0031,2.5487,20,40.0,8,12
KOTAKBANK,test,2025-06-01,2025-06-30,120,1.8,0.0017,2.6738,34,50.0,17,17
MARUTI,train,2025-05-01,2025-05-31,120,1.8,0.0,0.0,0,0.0,0,0
MARUTI,test,2025-06-01,2025-06-30,120,1.8,0.0,0.0,0,0.0,0,0
NIFTY 50,train,2025-05-01,2025-05-31,120,1.8,0.0,0.0,0,0.0,0,0
NIFTY 50,test,2025-06-01,2025-06-30,120,1.8,0.0,0.0,0,0.0,0,0
NIFTY BANK,train,2025-05-01,2025-05-31,120,1.8,0.0,0.0,0,0.0,0,0
NIFTY BANK,test,2025-06-01,2025-06-30,120,1.8,0.0,0.0,0,0.0,0,0
RELIANCE,train,2025-05-01,2025-05-31,120,1.8,0.0085,1.331,25,44.0,11,14
RELIANCE,test,2025-06-01,2025-06-30,120,1.8,0.0103,1.331,35,45.71,16,19
SBIN,train,2025-05-01,2025-05-31,120,1.8,0.0052,0.7223,18,55.56,10,8
SBIN,test,2025-06-01,2025-06-30,120,1.8,0.0031,0.7223,26,53.85,14,12
SUNPHARMA,train,2025-05-01,2025-05-31,120,1.8,-0.001,2.0312,32,40.62,13,19
SUNPHARMA,test,2025-06-01,2025-06-30,120,1.8,-0.0004,2.1427,47,48.94,23,24
TATAMOTORS,train,2025-05-01,2025-05-31,120,1.8,0.0047,1.217,29,48.28,14,15
TATAMOTORS,test,2025-06-01,2025-06-30,120,1.8,0.0016,1.217,47,46.81,22,25
TCS,train,2025-05-01,2025-05-31,120,1.8,-0.0028,5.0226,31,41.94,13,18
TCS,test,2025-06-01,2025-06-30,120,1.8,-0.002,5.0226,44,43.18,19,25
TECHM,train,2025-05-01,2025-05-31,120,1.8,0.0081,1.857,32,56.25,18,14
TECHM,test,2025-06-01,2025-06-30,120,1.8,0.0086,1.857,44,59.09,26,18
AXISBANK,train,2025-05-01,2025-05-31,120,2.0,0.0074,0.9636,21,52.38,11,10
AXISBANK,test,2025-06-01,2025-06-30,120,2.0,0.0071,0.9636,31,51.61,16,15
HDFCBANK,train,2025-05-01,2025-05-31,120,2.0,0.0085,1.006,8,62.5,5,3
HDFCBANK,test,2025-06-01,2025-06-30,120,2.0,0.0086,1.006,14,50.0,7,7
ICICIBANK,train,2025-05-01,2025-05-31,120,2.0,0.0079,0.686,12,50.0,6,6
ICICIBANK,test,2025-06-01,2025-06-30,120,2.0,0.0065,0.686,18,44.44,8,10
INFY,train,2025-05-01,2025-05-31,120,2.0,0.0027,2.089,16,37.5,6,10
INFY,test,2025-06-01,2025-06-30,120,2.0,0.0034,2.089,24,45.83,11,13
KOTAKBANK,train,2025-05-01,2025-05-31,120,2.0,-0.0036,2.6724,11,36.36,4,7
KOTAKBANK,test,2025-06-01,2025-06-30,120,2.0,0.0011,2.8083,21,52.38,11,10
MARUTI,train,2025-05-01,2025-05-31,120,2.0,0.0,0.0,0,0.0,0,0
MARUTI,test,2025-06-01,2025-06-30,120,2.0,0.0,0.0,0,0.0,0,0
NIFTY 50,train,2025-05-01,2025-05-31,120,2.0,0.0,0.0,0,0.0,0,0
NIFTY 50,test,2025-06-01,2025-06-30,120,2.0,0.0,0.0,0,0.0,0,0
NIFTY BANK,train,2025-05-01,2025-05-31,120,2.0,0.0,0.0,0,0.0,0,0
NIFTY BANK,test,2025-06-01,2025-06-30,120,2.0,0.0,0.0,0,0.0,0,0
RELIANCE,train,2025-05-01,2025-05-31,120,2.0,0.0096,1.331,13,46.15,6,7
RELIANCE,test,2025-06-01,2025-06-30,120,2.0,0.011,1.331,22,50.0,11,11
SBIN,train,2025-05-01,2025-05-31,120,2.0,0.0053,0.6966,15,53.33,8,7
SBIN,test,2025-06-01,2025-06-30,120,2.0,0.0034,0.6966,21,52.38,11,10
SUNPHARMA,train,2025-05-01,2025-05-31,120,2.0,-0.0023,2.2048,28,42.86,12,16
SUNPHARMA,test,2025-06-01,2025-06-30,120,2.0,-0.0017,2.3531,40,45.0,18,22
TATAMOTORS,train,2025-05-01,2025-05-31,120,2.0,0.0047,1.2384,23,47.83,11,12
TATAMOTORS,test,2025-06-01,2025-06-30,120,2.0,0.0015,1.2384,37,45.95,17,20
TCS,train,2025-05-01,2025-05-31,120,2.0,-0.0024,5.0196,24,37.5,9,15
TCS,test,2025-06-01,2025-06-30,120,2.0,-0.0019,5.0196,35,40.0,14,21
TECHM,train,2025-05-01,2025-05-31,120,2.0,0.0083,2.0424,23,56.52,13,10
TECHM,test,2025-06-01,2025-06-30,120,2.0,0.009,2.0424,30,53.33,16,14
AXISBANK,train,2025-05-01,2025-05-31,120,2.2,0.0069,0.964,17,58.82,10,7
AXISBANK,test,2025-06-01,2025-06-30,120,2.2,0.0068,0.964,24,58.33,14,10
HDFCBANK,train,2025-05-01,2025-05-31,120,2.2,0.0086,1.006,4,25.0,1,3
HDFCBANK,test,2025-06-01,2025-06-30,120,2.2,0.0086,1.006,10,30.0,3,7
ICICIBANK,train,2025-05-01,2025-05-31,120,2.2,0.0082,0.686,9,55.56,5,4
ICICIBANK,test,2025-06-01,2025-06-30,120,2.2,0.0067,0.686,14,50.0,7,7
INFY,train,2025-05-01,2025-05-31,120,2.2,0.0027,2.0965,12,41.67,5,7
INFY,test,2025-06-01,2025-06-30,120,2.2,0.0034,2.0965,20,50.0,10,10
KOTAKBANK,train,2025-05-01,2025-05-31,120,2.2,-0.0037,2.6724,10,40.0,4,6
KOTAKBANK,test,2025-06-01,2025-06-30,120,2.2,0.001,2.8369,19,57.89,11,8
MARUTI,train,2025-05-01,2025-05-31,120,2.2,0.0,0.0,0,0.0,0,0
MARUTI,test,2025-06-01,2025-06-30,120,2.2,0.0,0.0,0,0.0,0,0
NIFTY 50,train,2025-05-01,2025-05-31,120,2.2,0.0,0.0,0,0.0,0,0
NIFTY 50,test,2025-06-01,2025-06-30,120,2.2,0.0,0.0,0,0.0,0,0
NIFTY BANK,train,2025-05-01,2025-05-31,120,2.2,0.0,0.0,0,0.0,0,0
NIFTY BANK,test,2025-06-01,2025-06-30,120,2.2,0.0,0.0,0,0.0,0,0
RELIANCE,train,2025-05-01,2025-05-31,120,2.2,0.0095,1.331,11,45.45,5,6
RELIANCE,test,2025-06-01,2025-06-30,120,2.2,0.0108,1.331,19,52.63,10,9
SBIN,train,2025-05-01,2025-05-31,120,2.2,0.0045,0.7001,14,50.0,7,7
SBIN,test,2025-06-01,2025-06-30,120,2.2,0.0027,0.7001,19,52.63,10,9
SUNPHARMA,train,2025-05-01,2025-05-31,120,2.2,-0.0012,2.1978,23,39.13,9,14
SUNPHARMA,test,2025-06-01,2025-06-30,120,2.2,-0.0007,2.2845,32,40.62,13,19
TATAMOTORS,train,2025-05-01,2025-05-31,120,2.2,0.0043,1.2674,16,43.75,7,9
TATAMOTORS,test,2025-06-01,2025-06-30,120,2.2,0.001,1.2674,27,44.44,12,15
TCS,train,2025-05-01,2025-05-31,120,2.2,-0.0026,5.0614,18,27.78,5,13
TCS,test,2025-06-01,2025-06-30,120,2.2,-0.0019,5.0614,26,38.46,10,16
TECHM,train,2025-05-01,2025-05-31,120,2.2,0.0089,2.0424,18,61.11,11,7
TECHM,test,2025-06-01,2025-06-30,120,2.2,0.0092,2.0424,22,59.09,13,9
AXISBANK,train,2025-05-01,2025-05-31,120,2.5,0.007,0.9641,15,66.67,10,5
AXISBANK,test,2025-06-01,2025-06-30,120,2.5,0.0068,0.9641,19,57.89,11,8
HDFCBANK,train,2025-05-01,2025-05-31,120,2.5,0.0087,1.006,2,50.0,1,1
HDFCBANK,test,2025-06-01,2025-06-30,120,2.5,0.0086,1.006,6,50.0,3,3
ICICIBANK,train,2025-05-01,2025-05-31,120,2.5,0.0083,0.686,7,57.14,4,3
ICICIBANK,test,2025-06-01,2025-06-30,120,2.5,0.0067,0.686,12,58.33,7,5
INFY,train,2025-05-01,2025-05-31,120,2.5,0.0028,2.0965,7,42.86,3,4
INFY,test,2025-06-01,2025-06-30,120,2.5,0.0034,2.0965,12,50.0,6,6
KOTAKBANK,train,2025-05-01,2025-05-31,120,2.5,-0.0032,2.5473,7,28.57,2,5
KOTAKBANK,test,2025-06-01,2025-06-30,120,2.5,0.0013,2.7118,14,50.0,7,7
MARUTI,train,2025-05-01,2025-05-31,120,2.5,0.0,0.0,0,0.0,0,0
MARUTI,test,2025-06-01,2025-06-30,120,2.5,0.0,0.0,0,0.0,0,0
NIFTY 50,train,2025-05-01,2025-05-31,120,2.5,0.0,0.0,0,0.0,0,0
NIFTY 50,test,2025-06-01,2025-06-30,120,2.5,0.0,0.0,0,0.0,0,0
NIFTY BANK,train,2025-05-01,2025-05-31,120,2.5,0.0,0.0,0,0.0,0,0
NIFTY BANK,test,2025-06-01,2025-06-30,120,2.5,0.0,0.0,0,0.0,0,0
RELIANCE,train,2025-05-01,2025-05-31,120,2.5,0.0095,1.349,8,62.5,5,3
RELIANCE,test,2025-06-01,2025-06-30,120,2.5,0.0109,1.349,12,66.67,8,4
SBIN,train,2025-05-01,2025-05-31,120,2.5,0.0045,0.6962,7,57.14,4,3
SBIN,test,2025-06-01,2025-06-30,120,2.5,0.0027,0.6962,12,58.33,7,5
SUNPHARMA,train,2025-05-01,2025-05-31,120,2.5,-0.0007,2.0683,18,50.0,9,9
SUNPHARMA,test,2025-06-01,2025-06-30,120,2.5,-0.0001,2.0683,25,48.0,12,13
TATAMOTORS,train,2025-05-01,2025-05-31,120,2.5,0.0042,1.2709,10,50.0,5,5
TATAMOTORS,test,2025-06-01,2025-06-30,120,2.5,0.0011,1.2709,19,47.37,9,10
TCS,train,2025-05-01,2025-05-31,120,2.5,-0.002,5.0614,13,30.77,4,9
TCS,test,2025-06-01,2025-06-30,120,2.5,-0.0016,5.0614,16,31.25,5,11
TECHM,train,2025-05-01,2025-05-31,120,2.5,0.006,2.0424,13,53.85,7,6
TECHM,test,2025-06-01,2025-06-30,120,2.5,0.007,2.0424,17,52.94,9,8
AXISBANK,train,2025-05-01,2025-05-31,120,3.0,0.0073,0.9099,11,72.73,8,3
AXISBANK,test,2025-06-01,2025-06-30,120,3.0,0.007,0.9099,15,60.0,9,6
HDFCBANK,train,2025-05-01,2025-05-31,120,3.0,0.0087,1.006,1,100.0,1,0
HDFCBANK,test,2025-06-01,2025-06-30,120,3.0,0.0088,1.006,4,50.0,2,2
ICICIBANK,train,2025-05-01,2025-05-31,120,3.0,0.0083,0.686,7,57.14,4,3
ICICIBANK,test,2025-06-01,2025-06-30,120,3.0,0.0067,0.686,12,58.33,7,5
INFY,train,2025-05-01,2025-05-31,120,3.0,0.0029,2.0965,6,50.0,3,3
INFY,test,2025-06-01,2025-06-30,120,3.0,0.0036,2.0965,10,60.0,6,4
KOTAKBANK,train,2025-05-01,2025-05-31,120,3.0,-0.0028,2.5404,5,20.0,1,4
KOTAKBANK,test,2025-06-01,2025-06-30,120,3.0,0.0014,2.7097,7,28.57,2,5
MARUTI,train,2025-05-01,2025-05-31,120,3.0,0.0,0.0,0,0.0,0,0
MARUTI,test,2025-06-01,2025-06-30,120,3.0,0.0,0.0,0,0.0,0,0
NIFTY 50,train,2025-05-01,2025-05-31,120,3.0,0.0,0.0,0,0.0,0,0
NIFTY 50,test,2025-06-01,2025-06-30,120,3.0,0.0,0.0,0,0.0,0,0
NIFTY BANK,train,2025-05-01,2025-05-31,120,3.0,0.0,0.0,0,0.0,0,0
NIFTY BANK,test,2025-06-01,2025-06-30,120,3.0,0.0,0.0,0,0.0,0,0
RELIANCE,train,2025-05-01,2025-05-31,120,3.0,0.0094,1.3775,5,40.0,2,3
RELIANCE,test,2025-06-01,2025-06-30,120,3.0,0.011,1.3775,6,33.33,2,4
SBIN,train,2025-05-01,2025-05-31,120,3.0,0.0042,0.7255,5,80.0,4,1
SBIN,test,2025-06-01,2025-06-30,120,3.0,0.0023,0.7255,7,71.43,5,2
SUNPHARMA,train,2025-05-01,2025-05-31,120,3.0,-0.0009,2.0994,12,58.33,7,5
SUNPHARMA,test,2025-06-01,2025-06-30,120,3.0,-0.0002,2.0994,16,50.0,8,8
TATAMOTORS,train,2025-05-01,2025-05-31,120,3.0,0.0042,1.2709,6,66.67,4,2
TATAMOTORS,test,2025-06-01,2025-06-30,120,3.0,0.0011,1.2709,13,53.85,7,6
TCS,train,2025-05-01,2025-05-31,120,3.0,-0.0016,5.0614,11,18.18,2,9
TCS,test,2025-06-01,2025-06-30,120,3.0,-0.0014,5.0614,12,16.67,2,10
TECHM,train,2025-05-01,2025-05-31,120,3.0,0.0062,2.0424,12,58.33,7,5
TECHM,test,2025-06-01,2025-06-30,120,3.0,0.0073,2.0424,14,57.14,8,6
AXISBANK,train,2025-05-01,2025-05-31,160,1.8,0.0068,0.9739,29,44.83,13,16
AXISBANK,test,2025-06-01,2025-06-30,160,1.8,0.0066,0.9739,43,46.51,20,23
HDFCBANK,train,2025-05-01,2025-05-31,160,1.8,0.0085,1.0058,13,53.85,7,6
HDFCBANK,test,2025-06-01,2025-06-30,160,1.8,0.0086,1.0058,21,47.62,10,11
ICICIBANK,train,2025-05-01,2025-05-31,160,1.8,0.0088,0.7012,21,61.9,13,8
ICICIBANK,test,2025-06-01,2025-06-30,160,1.8,0.0073,0.7012,32,56.25,18,14
INFY,train,2025-05-01,2025-05-31,160,1.8,0.0029,2.0901,23,52.17,12,11
INFY,test,2025-06-01,2025-06-30,160,1.8,0.0036,2.0901,31,54.84,17,14
KOTAKBANK,train,2025-05-01,2025-05-31,160,1.8,-0.003,2.4914,23,39.13,9,14
KOTAKBANK,test,2025-06-01,2025-06-30,160,1.8,0.0018,2.6549,39,48.72,19,20
MARUTI,train,2025-05-01,2025-05-31,160,1.8,0.0,0.0,0,0.0,0,0
MARUTI,test,2025-06-01,2025-06-30,160,1.8,0.0,0.0,0,0.0,0,0
NIFTY 50,train,2025-05-01,2025-05-31,160,1.8,0.0,0.0,0,0.0,0,0
NIFTY 50,test,2025-06-01,2025-06-30,160,1.8,0.0,0.0,0,0.0,0,0
NIFTY BANK,train,2025-05-01,2025-05-31,160,1.8,0.0,0.0,0,0.0,0,0
NIFTY BANK,test,2025-06-01,2025-06-30,160,1.8,0.0,0.0,0,0.0,0,0
RELIANCE,train,2025-05-01,2025-05-31,160,1.8,0.0087,1.2958,23,47.83,11,12
RELIANCE,test,2025-06-01,2025-06-30,160,1.8,0.0104,1.2958,34,47.06,16,18
SBIN,train,2025-05-01,2025-05-31,160,1.8,0.0051,0.746,19,52.63,10,9
SBIN,test,2025-06-01,2025-06-30,160,1.8,0.0032,0.746,29,51.72,15,14
SUNPHARMA,train,2025-05-01,2025-05-31,160,1.8,-0.0021,2.1604,34,41.18,14,20
SUNPHARMA,test,2025-06-01,2025-06-30,160,1.8,-0.0013,2.3432,53,47.17,25,28
TATAMOTORS,train,2025-05-01,2025-05-31,160,1.8,0.0046,1.217,30,50.0,15,15
TATAMOTORS,test,2025-06-01,2025-06-30,160,1.8,0.0016,1.217,48,47.92,23,25
TCS,train,2025-05-01,2025-05-31,160,1.8,-0.0022,4.78,35,42.86,15,20
TCS,test,2025-06-01,2025-06-30,160,1.8,-0.0016,4.78,48,43.75,21,27
TECHM,train,2025-05-01,2025-05-31,160,1.8,0.0084,1.8433,33,57.58,19,14
TECHM,test,2025-06-01,2025-06-30,160,1.8,0.0089,1.8433,47,57.45,27,20
AXISBANK,train,2025-05-01,2025-05-31,160,2.0,0.0071,0.9637,21,42.86,9,12
AXISBANK,test,2025-06-01,2025-06-30,160,2.0,0.0068,0.9637,31,45.16,14,17
HDFCBANK,train,2025-05-01,2025-05-31,160,2.0,0.0086,1.0058,9,55.56,5,4
HDFCBANK,test,2025-06-01,2025-06-30,160,2.0,0.0087,1.0058,15,46.67,7,8
ICICIBANK,train,2025-05-01,2025-05-31,160,2.0,0.0083,0.6867,14,57.14,8,6
ICICIBANK,test,2025-06-01,2025-06-30,160,2.0,0.0068,0.6867,22,50.0,11,11
INFY,train,2025-05-01,2025-05-31,160,2.0,0.0026,2.0901,17,47.06,8,9
INFY,test,2025-06-01,2025-06-30,160,2.0,0.0033,2.0901,25,52.0,13,12
KOTAKBANK,train,2025-05-01,2025-05-31,160,2.0,-0.0034,2.6021,14,35.71,5,9
KOTAKBANK,test,2025-06-01,2025-06-30,160,2.0,0.0012,2.7381,24,50.0,12,12
MARUTI,train,2025-05-01,2025-05-31,160,2.0,0.0,0.0,0,0.0,0,0
MARUTI,test,2025-06-01,2025-06-30,160,2.0,0.0,0.0,0,0.0,0,0
NIFTY 50,train,2025-05-01,2025-05-31,160,2.0,0.0,0.0,0,0.0,0,0
NIFTY 50,test,2025-06-01,2025-06-30,160,2.0,0.0,0.0,0,0.0,0,0
NIFTY BANK,train,2025-05-01,2025-05-31,160,2.0,0.0,0.0,0,0.0,0,0
NIFTY BANK,test,2025-06-01,2025-06-30,160,2.0,0.0,0.0,0,0.0,0,0
RELIANCE,train,2025-05-01,2025-05-31,160,2.0,0.0088,1.3178,14,42.86,6,8
RELIANCE,test,2025-06-01,2025-06-30,160,2.0,0.0105,1.3178,23,47.83,11,12
SBIN,train,2025-05-01,2025-05-31,160,2.0,0.0054,0.7074,16,50.0,8,8
SBIN,test,2025-06-01,2025-06-30,160,2.0,0.0033,0.7074,23,52.17,12,11
SUNPHARMA,train,2025-05-01,2025-05-31,160,2.0,-0.0006,2.1944,28,39.29,11,17
SUNPHARMA,test,2025-06-01,2025-06-30,160,2.0,-0.0004,2.3322,41,43.9,18,23
TATAMOTORS,train,2025-05-01,2025-05-31,160,2.0,0.005,1.217,25,48.0,12,13
TATAMOTORS,test,2025-06-01,2025-06-30,160,2.0,0.002,1.217,41,43.9,18,23
TCS,train,2025-05-01,2025-05-31,160,2.0,-0.0029,5.0233,25,40.0,10,15
TCS,test,2025-06-01,2025-06-30,160,2.0,-0.0021,5.0233,38,42.11,16,22
TECHM,train,2025-05-01,2025-05-31,160,2.0,0.0086,1.8433,26,57.69,15,11
TECHM,test,2025-06-01,2025-06-30,160,2.0,0.0092,1.8433,33,54.55,18,15
AXISBANK,train,2025-05-01,2025-05-31,160,2.2,0.0067,0.9642,18,50.0,9,9
AXISBANK,test,2025-06-01,2025-06-30,160,2.2,0.0067,0.9642,26,50.0,13,13
HDFCBANK,train,2025-05-01,2025-05-31,160,2.2,0.0087,1.0058,6,50.0,3,3
HDFCBANK,test,2025-06-01,2025-06-30,160,2.2,0.0087,1.0058,12,41.67,5,7
ICICIBANK,train,2025-05-01,2025-05-31,160,2.2,0.0086,0.6857,9,66.67,6,3
ICICIBANK,test,2025-06-01,2025-06-30,160,2.2,0.007,0.6857,14,57.14,8,6
INFY,train,2025-05-01,2025-05-31,160,2.2,0.0025,2.0976,12,41.67,5,7
INFY,test,2025-06-01,2025-06-30,160,2.2,0.0033,2.0976,20,50.0,10,10
KOTAKBANK,train,2025-05-01,2025-05-31,160,2.2,-0.0036,2.6228,9,33.33,3,6
KOTAKBANK,test,2025-06-01,2025-06-30,160,2.2,0.0011,2.7873,18,55.56,10,8
MARUTI,train,2025-05-01,2025-05-31,160,2.2,0.0,0.0,0,0.0,0,0
MARUTI,test,2025-06-01,2025-06-30,160,2.2,0.0,0.0,0,0.0,0,0
NIFTY 50,train,2025-05-01,2025-05-31,160,2.2,0.0,0.0,0,0.0,0,0
NIFTY 50,test,2025-06-01,2025-06-30,160,2.2,0.0,0.0,0,0.0,0,0
NIFTY BANK,train,2025-05-01,2025-05-31,160,2.2,0.0,0.0,0,0.0,0,0
NIFTY BANK,test,2025-06-01,2025-06-30,160,2.2,0.0,0.0,0,0.0,0,0
RELIANCE,train,2025-05-01,2025-05-31,160,2.2,0.0094,1.3178,11,45.45,5,6
RELIANCE,test,2025-06-01,2025-06-30,160,2.2,0.0108,1.3178,19,52.63,10,9
SBIN,train,2025-05-01,2025-05-31,160,2.2,0.0055,0.6965,15,53.33,8,7
SBIN,test,2025-06-01,2025-06-30,160,2.2,0.0035,0.6965,20,55.0,11,9
SUNPHARMA,train,2025-05-01,2025-05-31,160,2.2,-0.0009,2.1966,24,41.67,10,14
SUNPHARMA,test,2025-06-01,2025-06-30,160,2.2,-0.0004,2.2527,33,45.45,15,18
TATAMOTORS,train,2025-05-01,2025-05-31,160,2.2,0.0045,1.2545,16,50.0,8,8
TATAMOTORS,test,2025-06-01,2025-06-30,160,2.2,0.0013,1.2545,26,50.0,13,13
TCS,train,2025-05-01,2025-05-31,160,2.2,-0.0028,5.0233,18,27.78,5,13
TCS,test,2025-06-01,2025-06-30,160,2.2,-0.0022,5.0233,27,33.33,9,18
TECHM,train,2025-05-01,2025-05-31,160,2.2,0.0086,2.0416,20,60.0,12,8
TECHM,test,2025-06-01,2025-06-30,160,2.2,0.009,2.0416,25,56.0,14,11
AXISBANK,train,2025-05-01,2025-05-31,160,2.5,0.007,0.9642,16,56.25,9,7
AXISBANK,test,2025-06-01,2025-06-30,160,2.5,0.0068,0.9642,20,50.0,10,10
HDFCBANK,train,2025-05-01,2025-05-31,160,2.5,0.0088,1.0058,3,33.33,1,2
HDFCBANK,test,2025-06-01,2025-06-30,160,2.5,0.0087,1.0058,7,42.86,3,4
ICICIBANK,train,2025-05-01,2025-05-31,160,2.5,0.0086,0.6857,8,62.5,5,3
ICICIBANK,test,2025-06-01,2025-06-30,160,2.5,0.007,0.6857,13,61.54,8,5
INFY,train,2025-05-01,2025-05-31,160,2.5,0.0026,2.0976,7,42.86,3,4
INFY,test,2025-06-01,2025-06-30,160,2.5,0.0033,2.0976,12,50.0,6,6
KOTAKBANK,train,2025-05-01,2025-05-31,160,2.5,-0.0033,2.543,6,16.67,1,5
KOTAKBANK,test,2025-06-01,2025-06-30,160,2.5,0.0013,2.7075,14,50.0,7,7
MARUTI,train,2025-05-01,2025-05-31,160,2.5,0.0,0.0,0,0.0,0,0
MARUTI,test,2025-06-01,2025-06-30,160,2.5,0.0,0.0,0,0.0,0,0
NIFTY 50,train,2025-05-01,2025-05-31,160,2.5,0.0,0.0,0,0.0,0,0
NIFTY 50,test,2025-06-01,2025-06-30,160,2.5,0.0,0.0,0,0.0,0,0
NIFTY BANK,train,2025-05-01,2025-05-31,160,2.5,0.0,0.0,0,0.0,0,0
NIFTY BANK,test,2025-06-01,2025-06-30,160,2.5,0.0,0.0,0,0.0,0,0
RELIANCE,train,2025-05-01,2025-05-31,160,2.5,0.0093,1.3358,10,50.0,5,5
RELIANCE,test,2025-06-01,2025-06-30,160,2.5,0.0108,1.3358,14,57.14,8,6
SBIN,train,2025-05-01,2025-05-31,160,2.5,0.0049,0.696,9,55.56,5,4
SBIN,test,2025-06-01,2025-06-30,160,2.5,0.003,0.696,14,57.14,8,6
SUNPHARMA,train,2025-05-01,2025-05-31,160,2.5,-0.001,2.1979,20,45.0,9,11
SUNPHARMA,test,2025-06-01,2025-06-30,160,2.5,-0.0004,2.1979,27,44.44,12,15
TATAMOTORS,train,2025-05-01,2025-05-31,160,2.5,0.0042,1.2709,10,50.0,5,5
TATAMOTORS,test,2025-06-01,2025-06-30,160,2.5,0.0011,1.2709,19,47.37,9,10
TCS,train,2025-05-01,2025-05-31,160,2.5,-0.002,5.0622,13,30.77,4,9
TCS,test,2025-06-01,2025-06-30,160,2.5,-0.0016,5.0622,17,29.41,5,12
TECHM,train,2025-05-01,2025-05-31,160,2.5,0.0062,2.0416,14,50.0,7,7
TECHM,test,2025-06-01,2025-06-30,160,2.5,0.0072,2.0416,18,50.0,9,9
AXISBANK,train,2025-05-01,2025-05-31,160,3.0,0.0071,0.9101,12,58.33,7,5
AXISBANK,test,2025-06-01,2025-06-30,160,3.0,0.0069,0.9101,16,50.0,8,8
HDFCBANK,train,2025-05-01,2025-05-31,160,3.0,0.0087,1.0058,1,100.0,1,0
HDFCBANK,test,2025-06-01,2025-06-30,160,3.0,0.0089,1.0058,4,50.0,2,2
ICICIBANK,train,2025-05-01,2025-05-31,160,3.0,0.0087,0.6857,7,71.43,5,2
ICICIBANK,test,2025-06-01,2025-06-30,160,3.0,0.0069,0.6857,11,72.73,8,3
INFY,train,2025-05-01,2025-05-31,160,3.0,0.0027,2.0976,6,50.0,3,3
INFY,test,2025-06-01,2025-06-30,160,3.0,0.0034,2.0976,11,54.55,6,5
KOTAKBANK,train,2025-05-01,2025-05-31,160,3.0,-0.0033,2.543,6,16.67,1,5
KOTAKBANK,test,2025-06-01,2025-06-30,160,3.0,0.0014,2.7124,9,33.33,3,6
MARUTI,train,2025-05-01,2025-05-31,160,3.0,0.0,0.0,0,0.0,0,0
MARUTI,test,2025-06-01,2025-06-30,160,3.0,0.0,0.0,0,0.0,0,0
NIFTY 50,train,2025-05-01,2025-05-31,160,3.0,0.0,0.0,0,0.0,0,0
NIFTY 50,test,2025-06-01,2025-06-30,160,3.0,0.0,0.0,0,0.0,0,0
NIFTY BANK,train,2025-05-01,2025-05-31,160,3.0,0.0,0.0,0,0.0,0,0
NIFTY BANK,test,2025-06-01,2025-06-30,160,3.0,0.0,0.0,0,0.0,0,0
RELIANCE,train,2025-05-01,2025-05-31,160,3.0,0.0095,1.3358,6,50.0,3,3
RELIANCE,test,2025-06-01,2025-06-30,160,3.0,0.0111,1.3358,8,50.0,4,4
SBIN,train,2025-05-01,2025-05-31,160,3.0,0.0044,0.7253,5,80.0,4,1
SBIN,test,2025-06-01,2025-06-30,160,3.0,0.0025,0.7253,7,71.43,5,2
SUNPHARMA,train,2025-05-01,2025-05-31,160,3.0,-0.0007,2.0683,13,53.85,7,6
SUNPHARMA,test,2025-06-01,2025-06-30,160,3.0,-0.0001,2.0683,17,47.06,8,9
TATAMOTORS,train,2025-05-01,2025-05-31,160,3.0,0.0043,1.2709,5,60.0,3,2
TATAMOTORS,test,2025-06-01,2025-06-30,160,3.0,0.0012,1.2709,12,58.33,7,5
TCS,train,2025-05-01,2025-05-31,160,3.0,-0.0016,5.0622,11,18.18,2,9
TCS,test,2025-06-01,2025-06-30,160,3.0,-0.0014,5.0622,12,16.67,2,10
TECHM,train,2025-05-01,2025-05-31,160,3.0,0.0064,2.0416,12,58.33,7,5
TECHM,test,2025-06-01,2025-06-30,160,3.0,0.0075,2.0416,14,57.14,8,6
AXISBANK,train,2025-05-01,2025-05-31,180,1.8,0.0066,0.9742,29,44.83,13,16
AXISBANK,test,2025-06-01,2025-06-30,180,1.8,0.0064,0.9742,43,46.51,20,23
HDFCBANK,train,2025-05-01,2025-05-31,180,1.8,0.0085,1.0059,13,53.85,7,6
HDFCBANK,test,2025-06-01,2025-06-30,180,1.8,0.0085,1.0059,21,47.62,10,11
ICICIBANK,train,2025-05-01,2025-05-31,180,1.8,0.0087,0.7012,21,61.9,13,8
ICICIBANK,test,2025-06-01,2025-06-30,180,1.8,0.0073,0.7012,32,56.25,18,14
INFY,train,2025-05-01,2025-05-31,180,1.8,0.0029,2.0906,24,50.0,12,12
INFY,test,2025-06-01,2025-06-30,180,1.8,0.0036,2.0906,32,53.12,17,15
KOTAKBANK,train,2025-05-01,2025-05-31,180,1.8,-0.0025,2.4878,23,39.13,9,14
KOTAKBANK,test,2025-06-01,2025-06-30,180,1.8,0.0022,2.6511,39,48.72,19,20
MARUTI,train,2025-05-01,2025-05-31,180,1.8,0.0,0.0,0,0.0,0,0
MARUTI,test,2025-06-01,2025-06-30,180,1.8,0.0,0.0,0,0.0,0,0
NIFTY 50,train,2025-05-01,2025-05-31,180,1.8,0.0,0.0,0,0.0,0,0
NIFTY 50,test,2025-06-01,2025-06-30,180,1.8,0.0,0.0,0,0.0,0,0
NIFTY BANK,train,2025-05-01,2025-05-31,180,1.8,0.0,0.0,0,0.0,0,0
NIFTY BANK,test,2025-06-01,2025-06-30,180,1.8,0.0,0.0,0,0.0,0,0
RELIANCE,train,2025-05-01,2025-05-31,180,1.8,0.0087,1.2959,23,47.83,11,12
RELIANCE,test,2025-06-01,2025-06-30,180,1.8,0.0104,1.2959,34,47.06,16,18
SBIN,train,2025-05-01,2025-05-31,180,1.8,0.0049,0.7462,19,52.63,10,9
SBIN,test,2025-06-01,2025-06-30,180,1.8,0.003,0.7462,29,51.72,15,14
SUNPHARMA,train,2025-05-01,2025-05-31,180,1.8,-0.0005,2.1506,34,38.24,13,21
SUNPHARMA,test,2025-06-01,2025-06-30,180,1.8,-0.0001,2.3376,53,45.28,24,29
TATAMOTORS,train,2025-05-01,2025-05-31,180,1.8,0.0044,1.2174,29,51.72,15,14
TATAMOTORS,test,2025-06-01,2025-06-30,180,1.8,0.0014,1.2174,47,48.94,23,24
TCS,train,2025-05-01,2025-05-31,180,1.8,-0.0025,4.7864,34,44.12,15,19
TCS,test,2025-06-01,2025-06-30,180,1.8,-0.0018,4.7864,47,44.68,21,26
TECHM,train,2025-05-01,2025-05-31,180,1.8,0.0085,1.8176,33,57.58,19,14
TECHM,test,2025-06-01,2025-06-30,180,1.8,0.0089,1.8176,48,56.25,27,21
AXISBANK,train,2025-05-01,2025-05-31,180,2.0,0.0068,0.967,22,40.91,9,13
AXISBANK,test,2025-06-01,2025-06-30,180,2.0,0.0066,0.967,32,43.75,14,18
HDFCBANK,train,2025-05-01,2025-05-31,180,2.0,0.0085,1.0059,9,55.56,5,4
HDFCBANK,test,2025-06-01,2025-06-30,180,2.0,0.0087,1.0059,15,46.67,7,8
ICICIBANK,train,2025-05-01,2025-05-31,180,2.0,0.0084,0.6867,14,64.29,9,5
ICICIBANK,test,2025-06-01,2025-06-30,180,2.0,0.0069,0.6867,22,54.55,12,10
INFY,train,2025-05-01,2025-05-31,180,2.0,0.0029,2.0906,17,47.06,8,9
INFY,test,2025-06-01,2025-06-30,180,2.0,0.0035,2.0906,25,52.0,13,12
KOTAKBANK,train,2025-05-01,2025-05-31,180,2.0,-0.0031,2.54,15,33.33,5,10
KOTAKBANK,test,2025-06-01,2025-06-30,180,2.0,0.0014,2.676,25,48.0,12,13
MARUTI,train,2025-05-01,2025-05-31,180,2.0,0.0,0.0,0,0.0,0,0
MARUTI,test,2025-06-01,2025-06-30,180,2.0,0.0,0.0,0,0.0,0,0
NIFTY 50,train,2025-05-01,2025-05-31,180,2.0,0.0,0.0,0,0.0,0,0
NIFTY 50,test,2025-06-01,2025-06-30,180,2.0,0.0,0.0,0,0.0,0,0
NIFTY BANK,train,2025-05-01,2025-05-31,180,2.0,0.0,0.0,0,0.0,0,0
NIFTY BANK,test,2025-06-01,2025-06-30,180,2.0,0.0,0.0,0,0.0,0,0
RELIANCE,train,2025-05-01,2025-05-31,180,2.0,0.0088,1.3179,14,42.86,6,8
RELIANCE,test,2025-06-01,2025-06-30,180,2.0,0.0104,1.3179,23,47.83,11,12
SBIN,train,2025-05-01,2025-05-31,180,2.0,0.0052,0.7075,16,50.0,8,8
SBIN,test,2025-06-01,2025-06-30,180,2.0,0.0031,0.7075,23,52.17,12,11
SUNPHARMA,train,2025-05-01,2025-05-31,180,2.0,-0.0003,2.1925,29,37.93,11,18
SUNPHARMA,test,2025-06-01,2025-06-30,180,2.0,-0.0002,2.3301,42,42.86,18,24
TATAMOTORS,train,2025-05-01,2025-05-31,180,2.0,0.0046,1.2174,23,47.83,11,12
TATAMOTORS,test,2025-06-01,2025-06-30,180,2.0,0.0017,1.2174,39,43.59,17,22
TCS,train,2025-05-01,2025-05-31,180,2.0,-0.0026,4.8687,25,36.0,9,16
TCS,test,2025-06-01,2025-06-30,180,2.0,-0.0019,4.8687,38,39.47,15,23
TECHM,train,2025-05-01,2025-05-31,180,2.0,0.0085,1.8435,26,57.69,15,11
TECHM,test,2025-06-01,2025-06-30,180,2.0,0.0091,1.8435,34,55.88,19,15
AXISBANK,train,2025-05-01,2025-05-31,180,2.2,0.0065,0.9645,18,50.0,9,9
AXISBANK,test,2025-06-01,2025-06-30,180,2.2,0.0065,0.9645,26,50.0,13,13
HDFCBANK,train,2025-05-01,2025-05-31,180,2.2,0.0086,1.0059,6,50.0,3,3
HDFCBANK,test,2025-06-01,2025-06-30,180,2.2,0.0087,1.0059,12,41.67,5,7
ICICIBANK,train,2025-05-01,2025-05-31,180,2.2,0.0083,0.6867,11,63.64,7,4
ICICIBANK,test,2025-06-01,2025-06-30,180,2.2,0.0068,0.6867,16,56.25,9,7
INFY,train,2025-05-01,2025-05-31,180,2.2,0.0024,2.0981,12,41.67,5,7
INFY,test,2025-06-01,2025-06-30,180,2.2,0.0032,2.0981,20,50.0,10,10
KOTAKBANK,train,2025-05-01,2025-05-31,180,2.2,-0.0036,2.6228,9,33.33,3,6
KOTAKBANK,test,2025-06-01,2025-06-30,180,2.2,0.0011,2.7873,18,55.56,10,8
MARUTI,train,2025-05-01,2025-05-31,180,2.2,0.0,0.0,0,0.0,0,0
MARUTI,test,2025-06-01,2025-06-30,180,2.2,0.0,0.0,0,0.0,0,0
NIFTY 50,train,2025-05-01,2025-05-31,180,2.2,0.0,0.0,0,0.0,0,0
NIFTY 50,test,2025-06-01,2025-06-30,180,2.2,0.0,0.0,0,0.0,0,0
NIFTY BANK,train,2025-05-01,2025-05-31,180,2.2,0.0,0.0,0,0.0,0,0
NIFTY BANK,test,2025-06-01,2025-06-30,180,2.2,0.0,0.0,0,0.0,0,0
RELIANCE,train,2025-05-01,2025-05-31,180,2.2,0.0086,1.3179,12,41.67,5,7
RELIANCE,test,2025-06-01,2025-06-30,180,2.2,0.0102,1.3179,19,52.63,10,9
SBIN,train,2025-05-01,2025-05-31,180,2.2,0.0053,0.6966,15,53.33,8,7
SBIN,test,2025-06-01,2025-06-30,180,2.2,0.0033,0.6966,20,55.0,11,9
SUNPHARMA,train,2025-05-01,2025-05-31,180,2.2,-0.0008,2.1958,24,41.67,10,14
SUNPHARMA,test,2025-06-01,2025-06-30,180,2.2,-0.0003,2.252,33,45.45,15,18
TATAMOTORS,train,2025-05-01,2025-05-31,180,2.2,0.0042,1.2549,16,50.0,8,8
TATAMOTORS,test,2025-06-01,2025-06-30,180,2.2,0.0011,1.2549,26,50.0,13,13
TCS,train,2025-05-01,2025-05-31,180,2.2,-0.0031,5.0299,18,27.78,5,13
TCS,test,2025-06-01,2025-06-30,180,2.2,-0.0024,5.0299,27,33.33,9,18
TECHM,train,2025-05-01,2025-05-31,180,2.2,0.0077,2.0568,22,54.55,12,10
TECHM,test,2025-06-01,2025-06-30,180,2.2,0.0084,2.0568,27,51.85,14,13
AXISBANK,train,2025-05-01,2025-05-31,180,2.5,0.0067,0.9645,16,56.25,9,7
AXISBANK,test,2025-06-01,2025-06-30,180,2.5,0.0066,0.9645,20,50.0,10,10
HDFCBANK,train,2025-05-01,2025-05-31,180,2.5,0.0088,1.0059,3,33.33,1,2
HDFCBANK,test,2025-06-01,2025-06-30,180,2.5,0.0086,1.0059,7,42.86,3,4
ICICIBANK,train,2025-05-01,2025-05-31,180,2.5,0.0086,0.6857,8,62.5,5,3
ICICIBANK,test,2025-06-01,2025-06-30,180,2.5,0.0069,0.6857,13,61.54,8,5
INFY,train,2025-05-01,2025-05-31,180,2.5,0.0026,2.0981,8,37.5,3,5
INFY,test,2025-06-01,2025-06-30,180,2.5,0.0033,2.0981,13,46.15,6,7
KOTAKBANK,train,2025-05-01,2025-05-31,180,2.5,-0.0033,2.543,6,16.67,1,5
KOTAKBANK,test,2025-06-01,2025-06-30,180,2.5,0.0013,2.7075,14,50.0,7,7
MARUTI,train,2025-05-01,2025-05-31,180,2.5,0.0,0.0,0,0.0,0,0
MARUTI,test,2025-06-01,2025-06-30,180,2.5,0.0,0.0,0,0.0,0,0
NIFTY 50,train,2025-05-01,2025-05-31,180,2.5,0.0,0.0,0,0.0,0,0
NIFTY 50,test,2025-06-01,2025-06-30,180,2.5,0.0,0.0,0,0.0,0,0
NIFTY BANK,train,2025-05-01,2025-05-31,180,2.5,0.0,0.0,0,0.0,0,0
NIFTY BANK,test,2025-06-01,2025-06-30,180,2.5,0.0,0.0,0,0.0,0,0
RELIANCE,train,2025-05-01,2025-05-31,180,2.5,0.0094,1.3179,11,45.45,5,6
RELIANCE,test,2025-06-01,2025-06-30,180,2.5,0.0109,1.3179,15,53.33,8,7
SBIN,train,2025-05-01,2025-05-31,180,2.5,0.0055,0.6956,9,55.56,5,4
SBIN,test,2025-06-01,2025-06-30,180,2.5,0.0034,0.6956,14,57.14,8,6
SUNPHARMA,train,2025-05-01,2025-05-31,180,2.5,-0.0009,2.1971,20,45.0,9,11
SUNPHARMA,test,2025-06-01,2025-06-30,180,2.5,-0.0003,2.1971,27,44.44,12,15
TATAMOTORS,train,2025-05-01,2025-05-31,180,2.5,0.0039,1.2714,10,50.0,5,5
TATAMOTORS,test,2025-06-01,2025-06-30,180,2.5,0.0009,1.2714,19,47.37,9,10
TCS,train,2025-05-01,2025-05-31,180,2.5,-0.0023,5.0689,13,30.77,4,9
TCS,test,2025-06-01,2025-06-30,180,2.5,-0.0018,5.0689,17,29.41,5,12
TECHM,train,2025-05-01,2025-05-31,180,2.5,0.0062,2.0418,14,50.0,7,7
TECHM,test,2025-06-01,2025-06-30,180,2.5,0.0072,2.0418,18,50.0,9,9
AXISBANK,train,2025-05-01,2025-05-31,180,3.0,0.0069,0.9104,12,58.33,7,5
AXISBANK,test,2025-06-01,2025-06-30,180,3.0,0.0067,0.9104,16,50.0,8,8
HDFCBANK,train,2025-05-01,2025-05-31,180,3.0,0.0087,1.0059,1,100.0,1,0
HDFCBANK,test,2025-06-01,2025-06-30,180,3.0,0.0088,1.0059,4,50.0,2,2
ICICIBANK,train,2025-05-01,2025-05-31,180,3.0,0.0086,0.6857,7,71.43,5,2
ICICIBANK,test,2025-06-01,2025-06-30,180,3.0,0.0068,0.6857,11,72.73,8,3
INFY,train,2025-05-01,2025-05-31,180,3.0,0.0026,2.0981,6,50.0,3,3
INFY,test,2025-06-01,2025-06-30,180,3.0,0.0034,2.0981,10,50.0,5,5
KOTAKBANK,train,2025-05-01,2025-05-31,180,3.0,-0.0033,2.543,6,16.67,1,5
KOTAKBANK,test,2025-06-01,2025-06-30,180,3.0,0.0014,2.7124,9,33.33,3,6
MARUTI,train,2025-05-01,2025-05-31,180,3.0,0.0,0.0,0,0.0,0,0
MARUTI,test,2025-06-01,2025-06-30,180,3.0,0.0,0.0,0,0.0,0,0
NIFTY 50,train,2025-05-01,2025-05-31,180,3.0,0.0,0.0,0,0.0,0,0
NIFTY 50,test,2025-06-01,2025-06-30,180,3.0,0.0,0.0,0,0.0,0,0
NIFTY BANK,train,2025-05-01,2025-05-31,180,3.0,0.0,0.0,0,0.0,0,0
NIFTY BANK,test,2025-06-01,2025-06-30,180,3.0,0.0,0.0,0,0.0,0,0
RELIANCE,train,2025-05-01,2025-05-31,180,3.0,0.0095,1.3359,7,57.14,4,3
RELIANCE,test,2025-06-01,2025-06-30,180,3.0,0.0111,1.3359,9,55.56,5,4
SBIN,train,2025-05-01,2025-05-31,180,3.0,0.0042,0.7255,5,80.0,4,1
SBIN,test,2025-06-01,2025-06-30,180,3.0,0.0023,0.7255,7,71.43,5,2
SUNPHARMA,train,2025-05-01,2025-05-31,180,3.0,-0.0006,2.0676,13,53.85,7,6
SUNPHARMA,test,2025-06-01,2025-06-30,180,3.0,0.0,2.0676,17,47.06,8,9
TATAMOTORS,train,2025-05-01,2025-05-31,180,3.0,0.004,1.2714,5,60.0,3,2
TATAMOTORS,test,2025-06-01,2025-06-30,180,3.0,0.001,1.2714,12,58.33,7,5
TCS,train,2025-05-01,2025-05-31,180,3.0,-0.0019,5.0689,11,18.18,2,9
TCS,test,2025-06-01,2025-06-30,180,3.0,-0.0016,5.0689,12,16.67,2,10
TECHM,train,2025-05-01,2025-05-31,180,3.0,0.0063,2.0418,12,58.33,7,5
TECHM,test,2025-06-01,2025-06-30,180,3.0,0.0074,2.0418,14,57.14,8,6
AXISBANK,train,2025-05-01,2025-05-31,240,1.8,0.0064,0.9745,29,44.83,13,16
AXISBANK,test,2025-06-01,2025-06-30,240,1.8,0.0062,0.9745,42,45.24,19,23
HDFCBANK,train,2025-05-01,2025-05-31,240,1.8,0.0086,1.0057,13,53.85,7,6
HDFCBANK,test,2025-06-01,2025-06-30,240,1.8,0.0086,1.0057,22,50.0,11,11
ICICIBANK,train,2025-05-01,2025-05-31,240,1.8,0.0093,0.6699,22,63.64,14,8
ICICIBANK,test,2025-06-01,2025-06-30,240,1.8,0.0076,0.6699,33,60.61,20,13
INFY,train,2025-05-01,2025-05-31,240,1.8,0.0029,2.0902,24,54.17,13,11
INFY,test,2025-06-01,2025-06-30,240,1.8,0.0036,2.0902,35,57.14,20,15
KOTAKBANK,train,2025-05-01,2025-05-31,240,1.8,-0.0021,2.4858,25,44.0,11,14
KOTAKBANK,test,2025-06-01,2025-06-30,240,1.8,0.0025,2.649,39,51.28,20,19
MARUTI,train,2025-05-01,2025-05-31,240,1.8,0.0,0.0,0,0.0,0,0
MARUTI,test,2025-06-01,2025-06-30,240,1.8,0.0,0.0,0,0.0,0,0
NIFTY 50,train,2025-05-01,2025-05-31,240,1.8,0.0,0.0,0,0.0,0,0
NIFTY 50,test,2025-06-01,2025-06-30,240,1.8,0.0,0.0,0,0.0,0,0
NIFTY BANK,train,2025-05-01,2025-05-31,240,1.8,0.0,0.0,0,0.0,0,0
NIFTY BANK,test,2025-06-01,2025-06-30,240,1.8,0.0,0.0,0,0.0,0,0
RELIANCE,train,2025-05-01,2025-05-31,240,1.8,0.009,1.254,21,47.62,10,11
RELIANCE,test,2025-06-01,2025-06-30,240,1.8,0.0106,1.254,32,46.88,15,17
SBIN,train,2025-05-01,2025-05-31,240,1.8,0.0048,0.7463,20,55.0,11,9
SBIN,test,2025-06-01,2025-06-30,240,1.8,0.0028,0.7463,32,50.0,16,16
SUNPHARMA,train,2025-05-01,2025-05-31,240,1.8,-0.0001,2.1485,34,41.18,14,20
SUNPHARMA,test,2025-06-01,2025-06-30,240,1.8,0.0002,2.3175,52,46.15,24,28
TATAMOTORS,train,2025-05-01,2025-05-31,240,1.8,0.004,1.2727,33,48.48,16,17
TATAMOTORS,test,2025-06-01,2025-06-30,240,1.8,0.0014,1.2727,51,47.06,24,27
TCS,train,2025-05-01,2025-05-31,240,1.8,-0.0027,4.7872,32,37.5,12,20
TCS,test,2025-06-01,2025-06-30,240,1.8,-0.002,4.7872,45,40.0,18,27
TECHM,train,2025-05-01,2025-05-31,240,1.8,0.0083,1.8179,37,56.76,21,16
TECHM,test,2025-06-01,2025-06-30,240,1.8,0.0087,1.8179,51,56.86,29,22
AXISBANK,train,2025-05-01,2025-05-31,240,2.0,0.0064,0.9676,24,37.5,9,15
AXISBANK,test,2025-06-01,2025-06-30,240,2.0,0.0063,0.9676,35,40.0,14,21
HDFCBANK,train,2025-05-01,2025-05-31,240,2.0,0.0087,1.0057,9,55.56,5,4
HDFCBANK,test,2025-06-01,2025-06-30,240,2.0,0.0088,1.0057,15,46.67,7,8
ICICIBANK,train,2025-05-01,2025-05-31,240,2.0,0.009,0.7009,16,62.5,10,6
ICICIBANK,test,2025-06-01,2025-06-30,240,2.0,0.0074,0.7009,24,54.17,13,11
INFY,train,2025-05-01,2025-05-31,240,2.0,0.0029,2.0902,17,47.06,8,9
INFY,test,2025-06-01,2025-06-30,240,2.0,0.0036,2.0902,25,52.0,13,12
KOTAKBANK,train,2025-05-01,2025-05-31,240,2.0,-0.0024,2.3878,15,40.0,6,9
KOTAKBANK,test,2025-06-01,2025-06-30,240,2.0,0.0019,2.5238,25,52.0,13,12
MARUTI,train,2025-05-01,2025-05-31,240,2.0,0.0,0.0,0,0.0,0,0
MARUTI,test,2025-06-01,2025-06-30,240,2.0,0.0,0.0,0,0.0,0,0
NIFTY 50,train,2025-05-01,2025-05-31,240,2.0,0.0,0.0,0,0.0,0,0
NIFTY 50,test,2025-06-01,2025-06-30,240,2.0,0.0,0.0,0,0.0,0,0
NIFTY BANK,train,2025-05-01,2025-05-31,240,2.0,0.0,0.0,0,0.0,0,0
NIFTY BANK,test,2025-06-01,2025-06-30,240,2.0,0.0,0.0,0,0.0,0,0
RELIANCE,train,2025-05-01,2025-05-31,240,2.0,0.009,1.276,14,42.86,6,8
RELIANCE,test,2025-06-01,2025-06-30,240,2.0,0.0105,1.276,22,50.0,11,11
SBIN,train,2025-05-01,2025-05-31,240,2.0,0.005,0.7224,17,52.94,9,8
SBIN,test,2025-06-01,2025-06-30,240,2.0,0.003,0.7224,24,54.17,13,11
SUNPHARMA,train,2025-05-01,2025-05-31,240,2.0,-0.0001,2.1902,30,40.0,12,18
SUNPHARMA,test,2025-06-01,2025-06-30,240,2.0,0.0002,2.2982,43,44.19,19,24
TATAMOTORS,train,2025-05-01,2025-05-31,240,2.0,0.0049,1.1952,23,47.83,11,12
TATAMOTORS,test,2025-06-01,2025-06-30,240,2.0,0.0018,1.1952,38,44.74,17,21
TCS,train,2025-05-01,2025-05-31,240,2.0,-0.0024,4.7872,25,36.0,9,16
TCS,test,2025-06-01,2025-06-30,240,2.0,-0.0017,4.7872,38,39.47,15,23
TECHM,train,2025-05-01,2025-05-31,240,2.0,0.0085,1.8438,26,57.69,15,11
TECHM,test,2025-06-01,2025-06-30,240,2.0,0.009,1.8438,35,57.14,20,15
AXISBANK,train,2025-05-01,2025-05-31,240,2.2,0.0066,0.9673,20,45.0,9,11
AXISBANK,test,2025-06-01,2025-06-30,240,2.2,0.0066,0.9673,28,46.43,13,15
HDFCBANK,train,2025-05-01,2025-05-31,240,2.2,0.0088,1.0057,7,42.86,3,4
HDFCBANK,test,2025-06-01,2025-06-30,240,2.2,0.0088,1.0057,13,38.46,5,8
ICICIBANK,train,2025-05-01,2025-05-31,240,2.2,0.0087,0.6864,11,63.64,7,4
ICICIBANK,test,2025-06-01,2025-06-30,240,2.2,0.0071,0.6864,16,56.25,9,7
INFY,train,2025-05-01,2025-05-31,240,2.2,0.0025,2.0902,14,42.86,6,8
INFY,test,2025-06-01,2025-06-30,240,2.2,0.0033,2.0902,22,50.0,11,11
KOTAKBANK,train,2025-05-01,2025-05-31,240,2.2,-0.003,2.508,10,40.0,4,6
KOTAKBANK,test,2025-06-01,2025-06-30,240,2.2,0.0015,2.6725,19,57.89,11,8
MARUTI,train,2025-05-01,2025-05-31,240,2.2,0.0,0.0,0,0.0,0,0
MARUTI,test,2025-06-01,2025-06-30,240,2.2,0.0,0.0,0,0.0,0,0
NIFTY 50,train,2025-05-01,2025-05-31,240,2.2,0.0,0.0,0,0.0,0,0
NIFTY 50,test,2025-06-01,2025-06-30,240,2.2,0.0,0.0,0,0.0,0,0
NIFTY BANK,train,2025-05-01,2025-05-31,240,2.2,0.0,0.0,0,0.0,0,0
NIFTY BANK,test,2025-06-01,2025-06-30,240,2.2,0.0,0.0,0,0.0,0,0
RELIANCE,train,2025-05-01,2025-05-31,240,2.2,0.0088,1.276,13,38.46,5,8
RELIANCE,test,2025-06-01,2025-06-30,240,2.2,0.0103,1.276,20,50.0,10,10
SBIN,train,2025-05-01,2025-05-31,240,2.2,0.0052,0.7076,14,50.0,7,7
SBIN,test,2025-06-01,2025-06-30,240,2.2,0.0032,0.7076,20,50.0,10,10
SUNPHARMA,train,2025-05-01,2025-05-31,240,2.2,-0.0005,2.1935,23,43.48,10,13
SUNPHARMA,test,2025-06-01,2025-06-30,240,2.2,0.0001,2.2014,31,45.16,14,17
TATAMOTORS,train,2025-05-01,2025-05-31,240,2.2,0.0049,1.2068,18,50.0,9,9
TATAMOTORS,test,2025-06-01,2025-06-30,240,2.2,0.002,1.2068,31,45.16,14,17
TCS,train,2025-05-01,2025-05-31,240,2.2,-0.0027,4.8695,18,27.78,5,13
TCS,test,2025-06-01,2025-06-30,240,2.2,-0.0022,4.8695,25,28.0,7,18
TECHM,train,2025-05-01,2025-05-31,240,2.2,0.0058,1.8438,20,45.0,9,11
TECHM,test,2025-06-01,2025-06-30,240,2.2,0.0071,1.8438,26,46.15,12,14
AXISBANK,train,2025-05-01,2025-05-31,240,2.5,0.0066,0.9648,16,56.25,9,7
AXISBANK,test,2025-06-01,2025-06-30,240,2.5,0.0065,0.9648,20,50.0,10,10
HDFCBANK,train,2025-05-01,2025-05-31,240,2.5,0.0089,1.0057,3,33.33,1,2
HDFCBANK,test,2025-06-01,2025-06-30,240,2.5,0.0087,1.0057,7,42.86,3,4
ICICIBANK,train,2025-05-01,2025-05-31,240,2.5,0.009,0.6854,8,62.5,5,3
ICICIBANK,test,2025-06-01,2025-06-30,240,2.5,0.0072,0.6854,13,61.54,8,5
INFY,train,2025-05-01,2025-05-31,240,2.5,0.0026,2.0976,9,33.33,3,6
INFY,test,2025-06-01,2025-06-30,240,2.5,0.0033,2.0976,14,42.86,6,8
KOTAKBANK,train,2025-05-01,2025-05-31,240,2.5,-0.0032,2.5425,6,16.67,1,5
KOTAKBANK,test,2025-06-01,2025-06-30,240,2.5,0.0015,2.707,13,46.15,6,7
MARUTI,train,2025-05-01,2025-05-31,240,2.5,0.0,0.0,0,0.0,0,0
MARUTI,test,2025-06-01,2025-06-30,240,2.5,0.0,0.0,0,0.0,0,0
NIFTY 50,train,2025-05-01,2025-05-31,240,2.5,0.0,0.0,0,0.0,0,0
NIFTY 50,test,2025-06-01,2025-06-30,240,2.5,0.0,0.0,0,0.0,0,0
NIFTY BANK,train,2025-05-01,2025-05-31,240,2.5,0.0,0.0,0,0.0,0,0
NIFTY BANK,test,2025-06-01,2025-06-30,240,2.5,0.0,0.0,0,0.0,0,0
RELIANCE,train,2025-05-01,2025-05-31,240,2.5,0.0096,1.276,11,45.45,5,6
RELIANCE,test,2025-06-01,2025-06-30,240,2.5,0.0109,1.276,15,53.33,8,7
SBIN,train,2025-05-01,2025-05-31,240,2.5,0.0054,0.6956,9,55.56,5,4
SBIN,test,2025-06-01,2025-06-30,240,2.5,0.0034,0.6956,13,53.85,7,6
SUNPHARMA,train,2025-05-01,2025-05-31,240,2.5,-0.0004,2.1935,22,45.45,10,12
SUNPHARMA,test,2025-06-01,2025-06-30,240,2.5,0.0002,2.1935,28,42.86,12,16
TATAMOTORS,train,2025-05-01,2025-05-31,240,2.5,0.0042,1.2283,10,40.0,4,6
TATAMOTORS,test,2025-06-01,2025-06-30,240,2.5,0.0011,1.2283,18,38.89,7,11
TCS,train,2025-05-01,2025-05-31,240,2.5,-0.0028,5.0727,14,35.71,5,9
TCS,test,2025-06-01,2025-06-30,240,2.5,-0.0021,5.0727,17,35.29,6,11
TECHM,train,2025-05-01,2025-05-31,240,2.5,0.0058,2.0422,15,53.33,8,7
TECHM,test,2025-06-01,2025-06-30,240,2.5,0.0069,2.0422,19,52.63,10,9
AXISBANK,train,2025-05-01,2025-05-31,240,3.0,0.0064,0.9649,13,61.54,8,5
AXISBANK,test,2025-06-01,2025-06-30,240,3.0,0.0063,0.9649,17,52.94,9,8
HDFCBANK,train,2025-05-01,2025-05-31,240,3.0,0.0088,1.0057,1,100.0,1,0
HDFCBANK,test,2025-06-01,2025-06-30,240,3.0,0.0089,1.0057,4,50.0,2,2
ICICIBANK,train,2025-05-01,2025-05-31,240,3.0,0.009,0.6854,7,71.43,5,2
ICICIBANK,test,2025-06-01,2025-06-30,240,3.0,0.0071,0.6854,11,72.73,8,3
INFY,train,2025-05-01,2025-05-31,240,3.0,0.0026,2.0976,5,60.0,3,2
INFY,test,2025-06-01,2025-06-30,240,3.0,0.0034,2.0976,9,55.56,5,4
KOTAKBANK,train,2025-05-01,2025-05-31,240,3.0,-0.0032,2.5425,6,16.67,1,5
KOTAKBANK,test,2025-06-01,2025-06-30,240,3.0,0.0014,2.7119,9,33.33,3,6
MARUTI,train,2025-05-01,2025-05-31,240,3.0,0.0,0.0,0,0.0,0,0
MARUTI,test,2025-06-01,2025-06-30,240,3.0,0.0,0.0,0,0.0,0,0
NIFTY 50,train,2025-05-01,2025-05-31,240,3.0,0.0,0.0,0,0.0,0,0
NIFTY 50,test,2025-06-01,2025-06-30,240,3.0,0.0,0.0,0,0.0,0,0
NIFTY BANK,train,2025-05-01,2025-05-31,240,3.0,0.0,0.0,0,0.0,0,0
NIFTY BANK,test,2025-06-01,2025-06-30,240,3.0,0.0,0.0,0,0.0,0,0
RELIANCE,train,2025-05-01,2025-05-31,240,3.0,0.0097,1.294,7,57.14,4,3
RELIANCE,test,2025-06-01,2025-06-30,240,3.0,0.0112,1.294,9,55.56,5,4
SBIN,train,2025-05-01,2025-05-31,240,3.0,0.0043,0.7254,6,83.33,5,1
SBIN,test,2025-06-01,2025-06-30,240,3.0,0.0024,0.7254,7,85.71,6,1
SUNPHARMA,train,2025-05-01,2025-05-31,240,3.0,-0.0004,2.0663,15,53.33,8,7
SUNPHARMA,test,2025-06-01,2025-06-30,240,3.0,0.0002,2.0663,19,47.37,9,10
TATAMOTORS,train,2025-05-01,2025-05-31,240,3.0,0.0042,1.2448,6,66.67,4,2
TATAMOTORS,test,2025-06-01,2025-06-30,240,3.0,0.0011,1.2448,13,53.85,7,6
TCS,train,2025-05-01,2025-05-31,240,3.0,-0.0022,5.0697,11,18.18,2,9
TCS,test,2025-06-01,2025-06-30,240,3.0,-0.0019,5.0697,12,16.67,2,10
TECHM,train,2025-05-01,2025-05-31,240,3.0,0.0063,2.0422,12,58.33,7,5
TECHM,test,2025-06-01,2025-06-30,240,3.0,0.0074,2.0422,14,57.14,8,6
